household_email	power_number	energy_source	kilowatt_hours	battery
aacey@golddex.com	1	solar	158	34
aahle@lexiqvolax.com	1	solar	68	
aandreason@xx-holding.com	1	solar	58	41
aankeny@y-corporation.com	1	solar	185	63
abachman@ganjaflex.com	1	solar	18	19
abeech@doncon.com	1	solar	117	41
abergesen@iselectrics.com	1	wind-turbine	53	13
aberray@golddex.com	1	solar	56	60
aberray@golddex.com	2	solar	56	28
abiddy@codehow.com	1	solar	81	
abilden@streethex.com	1	wind-turbine	116	39
aboulter@goodsilron.com	1	solar	18	71
aboulter@xx-zobam.com	1	solar	86	
abreland@j-texon.com	1	solar	27	85
abreland@streethex.com	1	solar	22	39
abrucato@plussunin.com	1	wind-turbine	16	44
abubash@cancity.com	1	solar	101	38
abuemi@zoomit.com	1	solar	43	33
abutt@sonron.com	1	solar	103	113
abutt@year-job.com	1	solar	70	
abutzen@donquadtech.com	1	solar	54	35
abuzick@singletechno.com	1	solar	64	13
abuzick@singletechno.com	2	solar	34	13
acalvaresi@openlane.com	1	wind-turbine	44	
acampain@newex.com	1	solar	63	25
acampain@xx-zobam.com	1	solar	39	
acentini@conecom.com	1	solar	66	
aclaucherty@kinnamplus.com	1	solar	79	38
acloney@hottechi.com	1	solar	85	
acorbley@dambase.com	1	solar	214	26
acorbley@j-texon.com	1	solar	109	12
acorbley@xx-holding.com	1	solar	60	
acorbley@xx-holding.com	2	solar	30	33
acorrington@j-texon.com	1	solar	108	
acousey@statholdings.com	1	solar	205	105
acoyier@j-texon.com	1	solar	19	30
acrupi@isdom.com	1	solar	15	
adallen@sunnamplex.com	1	wind-turbine	15	13
adaufeldt@golddex.com	1	solar	26	12
adegroot@bioholding.com	1	solar	72	27
ademesa@donware.com	1	solar	91	19
aeanes@zotware.com	1	wind-turbine	54	40
aeroman@sunnamplex.com	1	solar	51	48
afallick@konex.com	1	solar	118	17
afern@xx-holding.com	1	solar	65	20
afrankel@year-job.com	1	solar	48	32
afrerking@donware.com	1	solar	17	57
afrerking@plexzap.com	1	solar	124	29
agellinger@labdrill.com	1	solar	27	42
agellinger@mathtouch.com	1	solar	85	10
agesick@stanredtax.com	1	solar	141	14
agibes@openlane.com	1	solar	137	65
agleich@golddex.com	1	solar	64	
agrenet@sunnamplex.com	1	solar	23	76
agwalthney@statholdings.com	1	solar	108	
ahalsey@conecom.com	1	solar	96	
ahalsey@faxquote.com	1	wind-turbine	84	
ahalsey@faxquote.com	2	solar	24	24
aharnos@condax.com	1	solar	16	
aharnos@condax.com	2	solar	30	
aharoldson@sumace.com	1	wind-turbine	93	
aheintzman@groovestreet.com	1	solar	73	18
ahiatt@groovestreet.com	1	solar	21	33
ahiatt@groovestreet.com	2	wind-turbine	33	
ahidvegi@goodsilron.com	1	solar	21	41
ahidvegi@goodsilron.com	2	solar	68	24
ahoffis@singletechno.com	1	solar	53	28
ahoneywell@statholdings.com	1	wind-turbine	22	21
ahoopengardner@toughzap.com	1	solar	193	
ainouye@blackzim.com	1	solar	37	38
aisenhower@ontomedia.com	1	solar	147	14
aiturbide@year-job.com	1	solar	71	38
ajacobos@streethex.com	1	solar	77	29
ajillson@condax.com	1	solar	135	71
ajillson@goodsilron.com	1	solar	18	18
ajurney@ontomedia.com	1	wind-turbine	73	33
ajurney@ontomedia.com	2	solar	72	10
ajuvera@rantouch.com	1	solar	96	17
akalafatis@conecom.com	1	solar	137	37
akannady@mathtouch.com	1	solar	68	
akarpel@green-plus.com	1	solar	46	27
akeetch@y-corporation.com	1	solar	55	
akeetch@zumgoity.com	1	solar	68	39
akeneipp@labdrill.com	1	solar	47	17
akeneipp@year-job.com	1	solar	59	
akiel@hatfan.com	1	solar	107	12
akippley@goodsilron.com	1	solar	40	26
akippley@goodsilron.com	2	solar	78	
akippley@goodsilron.com	3	solar	61	
aklang@y-corporation.com	1	solar	73	
aklusman@statholdings.com	1	solar	135	23
akohl@gogozoom.com	1	wind-turbine	62	45
akolmetz@kan-code.com	1	wind-turbine	24	15
akoppinger@hatfan.com	1	wind-turbine	37	
akoppinger@hatfan.com	2	solar	52	48
alabreche@lexiqvolax.com	1	solar	126	
alary@xx-zobam.com	1	solar	49	11
alietz@cancity.com	1	solar	21	
alimmel@cancity.com	1	solar	47	16
alimmel@cancity.com	2	solar	82	24
alimmel@cancity.com	3	wind-turbine	51	19
alinahan@zoomit.com	1	solar	18	
alindall@dontechi.com	1	solar	30	
alindall@finjob.com	1	solar	142	45
alipke@rundofase.com	1	wind-turbine	41	27
aliukko@hottechi.com	1	solar	29	15
aloder@betatech.com	1	wind-turbine	70	15
alorens@ganjaflex.com	1	solar	104	
alother@zencorporation.com	1	solar	118	13
alueckenbach@faxquote.com	1	solar	73	21
alueckenbach@iselectrics.com	1	solar	24	13
amadarang@plexzap.com	1	solar	18	
amadarang@rantouch.com	1	solar	114	88
amaillard@doncon.com	1	solar	44	16
amallett@zoomit.com	1	wind-turbine	86	17
amaynerich@ganjaflex.com	1	solar	98	81
amcdoniel@plussunin.com	1	solar	83	39
amcnease@goodsilron.com	1	solar	88	47
ameinerding@nam-zim.com	1	wind-turbine	78	31
ameisel@scotfind.com	1	solar	73	26
amenter@dalttechnology.com	1	solar	70	16
amenter@dontechi.com	1	solar	90	
amiro@zoomit.com	1	solar	22	
amiro@zoomit.com	2	solar	82	
amodzelewski@iselectrics.com	1	solar	21	17
amondella@funholding.com	1	wind-turbine	18	
amondella@funholding.com	2	solar	65	55
amonterrubio@golddex.com	1	solar	136	
amonterrubio@konex.com	1	solar	162	
amontezuma@blackzim.com	1	solar	56	
amotley@codehow.com	1	solar	103	35
amyricks@bioholding.com	1	wind-turbine	52	41
aneither@funholding.com	1	solar	50	28
aneither@gogozoom.com	1	solar	23	
aneither@gogozoom.com	2	solar	63	33
aneither@gogozoom.com	3	solar	139	32
aoles@dontechi.com	1	solar	88	14
aoles@kan-code.com	1	solar	53	15
aoles@kan-code.com	2	solar	92	16
aostrosky@zencorporation.com	1	solar	52	31
apadilla@rantouch.com	1	solar	91	
apaulas@bioplex.com	1	solar	46	
apaulas@mathtouch.com	1	solar	21	
aperez@plexzap.com	1	solar	42	11
apinilla@y-corporation.com	1	wind-turbine	114	106
apontoriero@groovestreet.com	1	solar	57	18
apoquette@bioholding.com	1	solar	78	24
araymo@rundofase.com	1	solar	61	
arhoden@bioholding.com	1	solar	15	37
arhoden@faxquote.com	1	solar	81	31
arhoden@konmatfix.com	1	solar	112	45
arhymes@scotfind.com	1	solar	49	14
arochin@stanredtax.com	1	solar	121	
arodeigues@statholdings.com	1	solar	247	128
aroyster@domzoom.com	1	solar	57	36
asamara@streethex.com	1	solar	51	93
asawchuk@groovestreet.com	1	solar	87	27
asayaphon@rundofase.com	1	solar	47	24
asaylors@gogozoom.com	1	solar	57	
aseewald@doncon.com	1	solar	98	43
ashin@kinnamplus.com	1	solar	33	25
ashinko@konmatfix.com	1	solar	82	13
aspickerman@zathunicon.com	1	solar	49	16
aspringe@y-corporation.com	1	solar	115	37
astaback@betasoloin.com	1	solar	51	
astem@isdom.com	1	solar	122	
astoltzman@statholdings.com	1	wind-turbine	21	
astrassner@doncon.com	1	solar	134	24
astuer@funholding.com	1	solar	76	
astuer@scotfind.com	1	solar	22	51
asturiale@plusstrip.com	1	solar	92	42
asweely@hatfan.com	1	solar	52	12
atawil@faxquote.com	1	solar	68	
atheodorov@fasehatice.com	1	solar	184	80
athyberg@rangreen.com	1	solar	23	20
atillotson@toughzap.com	1	solar	66	
atimenez@warephase.com	1	solar	98	
atimenez@y-corporation.com	1	solar	66	24
atjepkema@inity.com	1	solar	106	15
atomblin@treequote.com	1	solar	33	
atoyama@j-texon.com	1	solar	44	59
aturinetti@rundofase.com	1	solar	20	
aupthegrove@toughzap.com	1	solar	83	
avanheusen@xx-zobam.com	1	solar	19	
avenere@stanredtax.com	1	solar	148	
avenere@zathunicon.com	1	solar	24	34
awalthall@codehow.com	1	wind-turbine	114	26
awhobrey@opentech.com	1	solar	43	
awhobrey@opentech.com	2	wind-turbine	129	19
awiklund@xx-zobam.com	1	solar	19	41
aworlds@scottech.com	1	solar	104	14
azagen@kinnamplus.com	1	solar	60	59
bblackwood@singletechno.com	1	solar	53	87
bborgman@golddex.com	1	solar	66	36
bbrossart@y-corporation.com	1	solar	177	83
bbutzen@finjob.com	1	solar	17	
bbutzen@rantouch.com	1	solar	72	23
bcampain@fasehatice.com	1	solar	23	26
bcaudy@plussunin.com	1	solar	64	
bcentini@stanredtax.com	1	solar	139	27
bcrupi@bioplex.com	1	solar	39	39
bcrupi@bioplex.com	2	solar	30	30
bdenooyer@goodsilron.com	1	solar	84	15
bdiestel@bioholding.com	1	solar	17	
bdrymon@stanredtax.com	1	solar	30	
bdrymon@stanredtax.com	2	solar	62	14
beanes@ron-tech.com	1	solar	41	26
beanes@xx-holding.com	1	wind-turbine	54	64
beroman@labdrill.com	1	solar	43	13
beschberger@xx-zobam.com	1	solar	47	39
bflosi@rundofase.com	1	wind-turbine	56	31
bflosi@rundofase.com	2	solar	69	24
bfredicks@zathunicon.com	1	solar	36	
bgehrett@dalttechnology.com	1	solar	100	29
bgellinger@streethex.com	1	solar	114	15
bgillaspie@finhigh.com	1	solar	19	38
bgreenbush@xx-holding.com	1	solar	103	12
bgrenet@betasoloin.com	1	solar	110	25
bgrenet@betasoloin.com	2	solar	94	24
bgudroe@ontomedia.com	1	solar	106	
bgwalthney@hatfan.com	1	solar	153	54
bhirpara@groovestreet.com	1	solar	57	58
bhoneywell@finjob.com	1	solar	104	16
bhoneywell@isdom.com	1	solar	18	40
bhoneywell@isdom.com	2	solar	117	
bjillson@openlane.com	1	solar	72	26
bjillson@openlane.com	2	solar	41	34
bjuhas@konmatfix.com	1	solar	44	14
bkaniecki@gogozoom.com	1	solar	19	16
bkardas@ron-tech.com	1	solar	94	
bkeener@konex.com	1	wind-turbine	89	15
bkeetch@iselectrics.com	1	solar	54	
blabreche@faxquote.com	1	solar	46	23
blacovara@rangreen.com	1	wind-turbine	57	15
blacovara@rangreen.com	2	solar	84	
blacovara@silis.com	1	solar	35	28
blapage@fasehatice.com	1	wind-turbine	82	39
blawler@dambase.com	1	solar	22	15
blawler@dambase.com	2	solar	22	16
blawler@dambase.com	3	solar	62	29
blawler@rantouch.com	1	solar	21	
blawler@rantouch.com	2	solar	125	23
blipke@codehow.com	1	solar	33	
blungren@scotfind.com	1	solar	58	28
bmartabano@fasehatice.com	1	solar	24	35
bmauson@mathtouch.com	1	solar	137	
bmclaird@betatech.com	1	wind-turbine	48	25
bmiceli@scottech.com	1	solar	60	31
bmodzelewski@rundofase.com	1	solar	67	25
bmontezuma@scotfind.com	1	solar	125	38
bmulqueen@mathtouch.com	1	solar	50	
bmyricks@sunnamplex.com	1	solar	18	
bneither@rangreen.com	1	solar	96	30
bneither@zotware.com	1	solar	45	39
bnestle@warephase.com	1	solar	20	27
bnewville@donware.com	1	solar	51	
bnunlee@plexzap.com	1	solar	15	57
boldroyd@xx-zobam.com	1	solar	20	
bpadilla@silis.com	1	solar	87	19
bpadilla@silis.com	2	solar	101	43
bparvis@donware.com	1	wind-turbine	34	26
bpatak@inity.com	1	wind-turbine	19	
bpelkowski@silis.com	1	solar	99	
bplumer@doncon.com	1	wind-turbine	92	27
bpoullion@opentech.com	1	solar	36	
bradde@warephase.com	1	solar	18	
braymo@nam-zim.com	1	solar	124	
braymo@nam-zim.com	2	solar	19	
brestrepo@conecom.com	1	solar	143	81
broyster@zencorporation.com	1	wind-turbine	110	32
bsamu@newex.com	1	solar	31	
bsaulter@betatech.com	1	solar	129	13
bschmaltz@bioholding.com	1	solar	22	22
bschnitzler@warephase.com	1	wind-turbine	72	
bschnitzler@warephase.com	2	solar	23	29
bsergi@kan-code.com	1	solar	70	26
bshire@groovestreet.com	1	solar	47	
bsimilton@konmatfix.com	1	solar	89	10
bsteffensmeier@xx-zobam.com	1	solar	183	19
bstenseth@donquadtech.com	1	solar	96	21
bstenseth@donquadtech.com	2	solar	38	
bsweely@bioplex.com	1	solar	45	19
bsweely@nam-zim.com	1	solar	108	12
bsweely@scotfind.com	1	solar	36	
btoyama@j-texon.com	1	solar	77	39
btreston@nam-zim.com	1	solar	102	
bupthegrove@ontomedia.com	1	solar	258	42
bvizarro@donquadtech.com	1	solar	108	15
bwalthall@stanredtax.com	1	solar	103	22
bweirather@scottech.com	1	solar	85	14
bwiklund@faxquote.com	1	solar	41	
bwolfgramm@xx-holding.com	1	solar	53	
byaw@plussunin.com	1	solar	136	21
bzepp@bioplex.com	1	wind-turbine	118	12
bzurcher@ganjaflex.com	1	solar	20	11
cacey@plusstrip.com	1	solar	69	31
cacey@year-job.com	1	solar	20	15
cacey@year-job.com	2	solar	46	11
camigon@betasoloin.com	1	solar	17	23
camyot@xx-holding.com	1	solar	101	
candreason@silis.com	1	wind-turbine	55	18
cangalich@golddex.com	1	solar	100	35
caquas@silis.com	1	solar	50	78
carceo@goodsilron.com	1	solar	145	
casar@iselectrics.com	1	solar	38	29
cauffrey@finhigh.com	1	wind-turbine	21	
cauffrey@scottech.com	1	solar	40	29
cbaltimore@lexiqvolax.com	1	solar	108	15
cbaltimore@statholdings.com	1	solar	102	12
cbarfield@xx-zobam.com	1	wind-turbine	19	40
cbarfield@zumgoity.com	1	solar	31	34
cbarfield@zumgoity.com	2	solar	36	51
cbartolet@green-plus.com	1	wind-turbine	171	93
cbatman@fasehatice.com	1	solar	73	41
cbatman@year-job.com	1	solar	88	32
cbayless@codehow.com	1	solar	55	13
cbiddy@cancity.com	1	solar	50	
cbirkner@hottechi.com	1	solar	64	44
cblackwood@scottech.com	1	solar	21	
cblackwood@scottech.com	2	solar	127	13
cbookamer@blackzim.com	1	solar	20	18
cborgman@j-texon.com	1	solar	205	131
cbrachle@treequote.com	1	solar	166	
cbriddick@hottechi.com	1	solar	97	14
cbruschke@year-job.com	1	solar	56	35
ccallaro@conecom.com	1	solar	106	
ccallaro@doncon.com	1	wind-turbine	65	42
ccallaro@plusstrip.com	1	solar	24	43
ccalvaresi@blackzim.com	1	solar	50	
ccolaizzo@j-texon.com	1	solar	119	12
ccousey@scotfind.com	1	solar	93	40
ccousey@scotfind.com	2	solar	44	
ccrupi@rundofase.com	1	solar	176	
ccrupi@sonron.com	1	solar	121	20
cdeleo@funholding.com	1	solar	87	
cdemesa@finhigh.com	1	solar	49	
cdickerson@labdrill.com	1	solar	44	11
cdiscipio@ontomedia.com	1	solar	150	43
cdorshorst@ontomedia.com	1	solar	59	
cfallick@kan-code.com	1	solar	39	
cfallick@nam-zim.com	1	solar	69	31
cfarrow@cancity.com	1	solar	35	
cfarrow@cancity.com	2	solar	19	
cfarrow@kan-code.com	1	wind-turbine	24	
cfeichtner@statholdings.com	1	solar	42	
cfelger@yearin.com	1	solar	69	
cfern@betatech.com	1	solar	22	25
cfillingim@xx-zobam.com	1	wind-turbine	45	
cfredicks@rangreen.com	1	solar	51	13
cfrerking@scotfind.com	1	solar	67	19
cfrey@ron-tech.com	1	solar	48	
cgalam@bioplex.com	1	solar	136	35
cgarufi@zathunicon.com	1	solar	68	
cgesick@statholdings.com	1	wind-turbine	23	39
cgillaspie@ontomedia.com	1	solar	45	21
cgillian@zoomit.com	1	wind-turbine	84	19
cgillian@zoomit.com	2	solar	34	
cgotter@green-plus.com	1	solar	72	72
cgrenet@doncon.com	1	solar	68	
chagele@codehow.com	1	solar	89	25
chagele@treequote.com	1	solar	51	14
chagele@treequote.com	2	solar	111	31
chalter@doncon.com	1	wind-turbine	59	35
charabedian@finjob.com	1	wind-turbine	101	62
chellickson@toughzap.com	1	solar	15	21
chirpara@doncon.com	1	solar	99	13
chochard@inity.com	1	solar	55	27
choffis@goodsilron.com	1	solar	40	39
chughey@silis.com	1	solar	26	56
chusser@sunnamplex.com	1	solar	83	39
cinouye@hatfan.com	1	solar	92	11
citurbide@scotfind.com	1	solar	15	
citurbide@scotfind.com	2	solar	62	14
cjeanty@betatech.com	1	solar	45	
cjulia@nam-zim.com	1	solar	177	
ckampa@plexzap.com	1	solar	21	19
ckarpel@dontechi.com	1	solar	47	38
ckarpel@singletechno.com	1	solar	62	
ckarpel@singletechno.com	2	solar	108	38
ckeetch@cancity.com	1	solar	58	32
ckeetch@konex.com	1	wind-turbine	47	26
ckeetch@rundofase.com	1	solar	66	18
ckiel@donware.com	1	solar	69	13
ckiel@ganjaflex.com	1	solar	72	41
cklimek@gogozoom.com	1	solar	106	98
ckohl@green-plus.com	1	solar	45	12
ckonopacki@scotfind.com	1	solar	89	65
ckorando@ontomedia.com	1	solar	41	50
clapage@iselectrics.com	1	solar	52	42
clatzke@scotfind.com	1	solar	67	18
clayous@inity.com	1	solar	84	11
clayous@xx-zobam.com	1	solar	110	59
cleinenbach@fasehatice.com	1	solar	159	31
cleinenbach@nam-zim.com	1	solar	171	42
cloder@bioholding.com	1	solar	45	14
clother@plexzap.com	1	solar	78	49
cluczki@silis.com	1	solar	40	40
clukasik@rantouch.com	1	solar	35	11
cmai@kan-code.com	1	solar	47	
cmanno@bioplex.com	1	solar	31	
cmanno@bioplex.com	2	solar	91	19
cmarrier@silis.com	1	wind-turbine	85	10
cmauson@donware.com	1	solar	32	58
cmauson@xx-holding.com	1	wind-turbine	51	29
cmaybury@toughzap.com	1	solar	110	
cmaynerich@blackzim.com	1	solar	34	70
cmaynerich@plussunin.com	1	solar	44	24
cmcdoniel@conecom.com	1	wind-turbine	161	
cmeinerding@lexiqvolax.com	1	solar	71	30
cmelnyk@zathunicon.com	1	solar	24	35
cmiceli@labdrill.com	1	solar	107	31
cmiro@green-plus.com	1	solar	99	31
cmiro@green-plus.com	2	solar	39	36
cmodzelewski@silis.com	1	wind-turbine	101	57
cmonarrez@donware.com	1	wind-turbine	98	21
cmorasca@konex.com	1	solar	44	
cmorocco@donware.com	1	solar	183	
cmugnolo@zumgoity.com	1	solar	84	
cnachor@sumace.com	1	solar	28	51
cneither@xx-zobam.com	1	solar	69	106
cneither@year-job.com	1	solar	74	12
cnestle@toughzap.com	1	solar	67	16
cnewville@gogozoom.com	1	solar	60	19
conofrio@domzoom.com	1	solar	60	
cpaa@stanredtax.com	1	solar	103	
cpaa@warephase.com	1	wind-turbine	117	14
cpalaia@opentech.com	1	solar	98	146
cpalaspas@ron-tech.com	1	solar	233	70
cpalaspas@xx-holding.com	1	solar	103	44
cpatak@isdom.com	1	wind-turbine	52	13
cpaulas@konex.com	1	solar	19	14
cpawlowicz@ganjaflex.com	1	solar	20	47
cpedrozo@plussunin.com	1	solar	39	95
cperez@blackzim.com	1	solar	70	29
cperez@opentech.com	1	solar	143	16
cperigo@blackzim.com	1	solar	72	28
cperigo@goodsilron.com	1	solar	199	69
cplumer@bioholding.com	1	solar	185	65
cpolidori@zumgoity.com	1	solar	61	34
cradde@finjob.com	1	solar	156	114
cragel@yearin.com	1	solar	68	16
crhym@year-job.com	1	solar	121	17
crim@green-plus.com	1	solar	68	19
criopelle@zoomit.com	1	solar	64	50
crodefer@silis.com	1	solar	114	35
crodeigues@nam-zim.com	1	solar	20	38
crodenberger@groovestreet.com	1	solar	37	19
crulapaugh@domzoom.com	1	solar	35	29
crulapaugh@domzoom.com	2	solar	15	
crulapaugh@domzoom.com	3	solar	49	41
crulapaugh@domzoom.com	4	solar	26	30
cruta@finjob.com	1	solar	114	
cruta@finjob.com	2	solar	43	
cryser@y-corporation.com	1	solar	66	44
csamara@conecom.com	1	solar	97	18
csamara@domzoom.com	1	wind-turbine	69	
csarao@plexzap.com	1	solar	60	20
csarao@scotfind.com	1	solar	36	16
csaulter@plexzap.com	1	solar	224	63
csayaphon@plexzap.com	1	solar	113	
cschemmer@silis.com	1	wind-turbine	126	
cschemmer@silis.com	2	solar	35	22
cschemmer@toughzap.com	1	solar	97	27
cscheyer@fasehatice.com	1	solar	54	62
cscheyer@groovestreet.com	1	solar	29	19
cschirpke@betasoloin.com	1	solar	94	
cscriven@isdom.com	1	wind-turbine	60	14
cseewald@rundofase.com	1	solar	68	
csemidey@iselectrics.com	1	solar	44	27
csergi@zathunicon.com	1	wind-turbine	17	
cshealy@zumgoity.com	1	solar	124	
cshinko@toughzap.com	1	solar	52	
cshire@plexzap.com	1	wind-turbine	20	101
cshire@yearin.com	1	solar	101	28
cskulski@conecom.com	1	wind-turbine	22	
cskursky@dalttechnology.com	1	solar	60	11
cslayton@zathunicon.com	1	solar	48	
csmith@inity.com	1	wind-turbine	133	
csmith@sonron.com	1	solar	66	
cspickerman@kan-code.com	1	solar	147	94
csteier@year-job.com	1	solar	20	15
cstockham@zotware.com	1	wind-turbine	103	76
cstoltzman@hatfan.com	1	solar	117	73
cstorment@codehow.com	1	solar	55	19
cstorment@zoomit.com	1	solar	196	55
csweigard@statholdings.com	1	solar	85	12
ctegarden@golddex.com	1	solar	132	
ctegarden@scottech.com	1	solar	100	43
cthyberg@bioholding.com	1	solar	28	14
cthyberg@scottech.com	1	solar	59	34
ctoelkes@goodsilron.com	1	solar	117	18
ctomasulo@conecom.com	1	solar	70	
ctomasulo@gogozoom.com	1	solar	187	
ctomasulo@hottechi.com	1	solar	21	40
ctomasulo@plexzap.com	1	solar	35	
cuyetake@groovestreet.com	1	solar	91	29
cvanausdal@opentech.com	1	solar	49	60
cvanheusen@domzoom.com	1	solar	128	45
cwaycott@rangreen.com	1	solar	25	13
cwieser@betasoloin.com	1	solar	61	
cwolfgramm@groovestreet.com	1	solar	132	22
cworlds@doncon.com	1	solar	94	
cwrinkles@stanredtax.com	1	solar	53	27
cyaw@streethex.com	1	solar	98	38
cyaw@streethex.com	2	solar	17	23
czagen@ron-tech.com	1	solar	166	
czepp@sonron.com	1	solar	77	43
dabdallah@plusstrip.com	1	solar	46	
dagramonte@mathtouch.com	1	solar	49	10
dahle@green-plus.com	1	solar	60	
dahle@green-plus.com	2	wind-turbine	44	
dahle@plusstrip.com	1	solar	72	
dahle@rangreen.com	1	solar	63	20
dankeny@isdom.com	1	solar	280	
dbatman@dalttechnology.com	1	solar	40	17
dbeech@funholding.com	1	solar	83	
dbennick@plussunin.com	1	solar	101	15
dberganza@blackzim.com	1	solar	68	75
dbergesen@xx-holding.com	1	solar	96	
dbirkner@lexiqvolax.com	1	solar	208	52
dbitsuie@hatfan.com	1	solar	82	23
dbolognia@dalttechnology.com	1	solar	15	
dbrachle@openlane.com	1	wind-turbine	50	
dbubash@ontomedia.com	1	solar	39	26
dburnard@statholdings.com	1	solar	76	
dbutt@iselectrics.com	1	wind-turbine	86	22
dbuzick@fasehatice.com	1	wind-turbine	77	27
dcalvaresi@toughzap.com	1	solar	32	
dclaucherty@streethex.com	1	solar	65	
dclaucherty@year-job.com	1	solar	169	98
dcomnick@dontechi.com	1	solar	39	17
dcookey@zumgoity.com	1	wind-turbine	68	
dcorrio@faxquote.com	1	solar	15	25
ddegonia@doncon.com	1	solar	80	
ddewar@ganjaflex.com	1	solar	151	
ddewar@y-corporation.com	1	solar	50	27
ddewar@y-corporation.com	2	solar	15	
ddhamer@iselectrics.com	1	solar	42	15
ddinos@domzoom.com	1	solar	18	19
ddinos@scottech.com	1	solar	84	
ddrymon@ron-tech.com	1	solar	108	20
dennaco@konex.com	1	solar	54	16
dfarrow@betatech.com	1	solar	93	25
dferrario@y-corporation.com	1	solar	18	12
dfigeroa@sunnamplex.com	1	solar	40	
dfishburne@xx-holding.com	1	solar	100	
dfishburne@xx-holding.com	2	solar	15	
dfortino@silis.com	1	solar	78	
dfrancescon@plusstrip.com	1	wind-turbine	21	23
dfrey@dalttechnology.com	1	solar	92	
dgellinger@hottechi.com	1	solar	28	
dgibes@nam-zim.com	1	wind-turbine	79	41
dgleich@konmatfix.com	1	wind-turbine	58	42
dgochal@rundofase.com	1	solar	112	37
dgoldammer@scottech.com	1	solar	84	23
dhagele@hatfan.com	1	solar	74	26
dharabedian@inity.com	1	solar	72	16
dharnos@bioholding.com	1	solar	202	157
dharnos@toughzap.com	1	solar	88	18
dhellickson@plusstrip.com	1	solar	16	
dhidvegi@toughzap.com	1	solar	107	39
dhoopengardner@domzoom.com	1	solar	17	17
dhoopengardner@statholdings.com	1	wind-turbine	27	12
diturbide@toughzap.com	1	wind-turbine	100	
djeanty@opentech.com	1	solar	103	18
djulia@cancity.com	1	wind-turbine	53	128
djurney@stanredtax.com	1	solar	21	21
dkalafatis@labdrill.com	1	wind-turbine	101	27
dkalafatis@labdrill.com	2	solar	28	36
dkarpin@conecom.com	1	solar	57	82
dkeneipp@lexiqvolax.com	1	solar	97	75
dketelsen@y-corporation.com	1	solar	114	20
dkiel@funholding.com	1	solar	46	18
dkippley@dontechi.com	1	solar	111	13
dkippley@iselectrics.com	1	solar	20	
dkippley@sonron.com	1	wind-turbine	87	
dkippley@sonron.com	2	solar	86	
dkippley@sonron.com	3	solar	64	45
dklusman@openlane.com	1	solar	108	
dklusman@openlane.com	2	solar	39	
dlace@hottechi.com	1	wind-turbine	68	
dlietz@zoomit.com	1	solar	90	60
dlindall@bioholding.com	1	solar	19	17
dlipke@sumace.com	1	solar	18	
dlipke@sumace.com	2	solar	33	
dliukko@bioholding.com	1	wind-turbine	52	20
dliukko@rundofase.com	1	solar	57	33
dlizama@lexiqvolax.com	1	solar	52	
dlukasik@statholdings.com	1	solar	161	127
dmadarang@ganjaflex.com	1	wind-turbine	23	10
dmaisto@toughzap.com	1	solar	128	73
dmarrier@newex.com	1	solar	21	14
dmarrier@newex.com	2	solar	84	
dmastella@donquadtech.com	1	wind-turbine	84	
dmastella@fasehatice.com	1	solar	163	27
dmastella@funholding.com	1	solar	83	29
dmastella@xx-holding.com	1	solar	108	39
dmccullan@y-corporation.com	1	solar	198	
dmenter@cancity.com	1	solar	79	18
dmontezuma@kan-code.com	1	solar	18	10
dmorasca@toughzap.com	1	solar	37	38
dmorocco@y-corporation.com	1	solar	51	16
dmugnolo@donquadtech.com	1	solar	50	34
dmunns@doncon.com	1	solar	16	13
dnabours@warephase.com	1	solar	35	27
dnachor@toughzap.com	1	solar	83	60
dneither@gogozoom.com	1	solar	54	16
dnicolozakes@dontechi.com	1	solar	74	27
doles@doncon.com	1	solar	19	20
doles@doncon.com	2	solar	23	35
donofrio@fasehatice.com	1	solar	27	46
dpadilla@inity.com	1	solar	90	32
dpadilla@inity.com	2	solar	137	
dpaprocki@rangreen.com	1	solar	22	
dpatak@gogozoom.com	1	wind-turbine	81	17
dpelkowski@singletechno.com	1	solar	264	65
dperigo@bioholding.com	1	wind-turbine	67	28
dperruzza@ron-tech.com	1	solar	50	23
dpinilla@singletechno.com	1	solar	84	14
dpoquette@goodsilron.com	1	solar	32	
dpugh@faxquote.com	1	wind-turbine	77	36
draymo@mathtouch.com	1	solar	161	
drochin@ron-tech.com	1	solar	40	74
drodeigues@scotfind.com	1	solar	16	28
drodeigues@scotfind.com	2	solar	28	28
drulapaugh@green-plus.com	1	wind-turbine	105	14
druta@scottech.com	1	solar	55	19
dryser@betasoloin.com	1	wind-turbine	42	22
dryser@betatech.com	1	wind-turbine	30	90
dryser@zathunicon.com	1	solar	108	10
dsamu@zencorporation.com	1	solar	139	
dsarao@silis.com	1	solar	91	25
dsarbacher@bioplex.com	1	solar	129	63
dschmierer@labdrill.com	1	solar	20	23
dschnitzler@treequote.com	1	solar	32	15
dsergi@ganjaflex.com	1	solar	66	
dshadrick@opentech.com	1	solar	197	
dshinko@zencorporation.com	1	solar	100	
dshinko@zencorporation.com	2	solar	88	27
dskulski@warephase.com	1	solar	142	
dspickerman@finhigh.com	1	wind-turbine	115	
dsteier@scottech.com	1	solar	72	50
dstimmel@toughzap.com	1	solar	227	52
dstockham@kan-code.com	1	solar	31	36
dstrassner@lexiqvolax.com	1	solar	28	30
dswayze@rantouch.com	1	solar	171	52
dtagala@kan-code.com	1	solar	116	
dthyberg@scottech.com	1	solar	67	13
dtillotson@newex.com	1	solar	29	33
dtolfree@groovestreet.com	1	wind-turbine	28	26
dtollner@fasehatice.com	1	solar	77	
dtreston@opentech.com	1	solar	15	
dvillanueva@konex.com	1	solar	42	56
dvizarro@singletechno.com	1	solar	164	15
dwardrip@gogozoom.com	1	solar	16	
dweirather@codehow.com	1	solar	57	19
dwenner@xx-holding.com	1	solar	15	25
dwenzinger@zoomit.com	1	solar	56	
dwenzinger@zoomit.com	2	solar	60	11
dwieser@lexiqvolax.com	1	solar	37	18
dwieser@scotfind.com	1	solar	38	
dwildfong@opentech.com	1	solar	21	24
dwolfgramm@warephase.com	1	solar	90	
dyaw@condax.com	1	solar	63	73
dyglesias@ontomedia.com	1	wind-turbine	123	18
dyori@iselectrics.com	1	solar	17	20
dyum@plusstrip.com	1	solar	15	16
dzepp@isdom.com	1	solar	102	52
dzepp@iselectrics.com	1	wind-turbine	133	35
dzepp@labdrill.com	1	solar	93	
eacey@opentech.com	1	solar	21	17
eamigon@lexiqvolax.com	1	solar	62	28
eandreason@konex.com	1	solar	71	
eangalich@donware.com	1	solar	41	20
earias@newex.com	1	solar	28	28
earias@newex.com	2	solar	109	
ebaltimore@labdrill.com	1	solar	122	16
ebirkner@plussunin.com	1	solar	83	14
eblunk@hatfan.com	1	solar	26	11
ebrucato@konex.com	1	solar	75	
eburnard@newex.com	1	solar	56	
ebuvens@finhigh.com	1	solar	29	
ecanlas@xx-holding.com	1	wind-turbine	27	18
ecartan@xx-holding.com	1	solar	22	10
ecork@sunnamplex.com	1	solar	99	17
ecryer@konmatfix.com	1	wind-turbine	168	
edallen@hatfan.com	1	solar	20	
edallen@hatfan.com	2	solar	88	
edaufeldt@rantouch.com	1	solar	52	
edegonia@j-texon.com	1	solar	19	44
edickerson@dambase.com	1	solar	74	29
edopico@golddex.com	1	solar	258	117
edrymon@condax.com	1	solar	18	77
edrymon@ron-tech.com	1	solar	86	22
eehmann@funholding.com	1	solar	43	
eferencz@sonron.com	1	solar	154	
efigeroa@zoomit.com	1	solar	51	31
eflister@dalttechnology.com	1	solar	160	66
eflosi@newex.com	1	solar	142	
egillaspie@blackzim.com	1	solar	172	32
eglick@dalttechnology.com	1	solar	59	14
egotter@rantouch.com	1	wind-turbine	61	26
ehoopengardner@silis.com	1	solar	24	18
eisaacs@y-corporation.com	1	solar	109	
ejulia@konex.com	1	solar	36	23
ekarpel@codehow.com	1	solar	44	29
ekarpin@singletechno.com	1	solar	51	17
ekeetch@dalttechnology.com	1	solar	41	
ekiel@stanredtax.com	1	solar	54	
ekitty@donquadtech.com	1	solar	63	
ekitty@mathtouch.com	1	wind-turbine	20	21
ekorando@konmatfix.com	1	solar	52	22
elabreche@iselectrics.com	1	solar	84	55
elary@scotfind.com	1	wind-turbine	202	27
elatzke@blackzim.com	1	solar	74	
elindall@domzoom.com	1	solar	172	67
elipke@hatfan.com	1	solar	85	43
elipkin@codehow.com	1	solar	49	32
elorens@zencorporation.com	1	solar	57	33
elother@y-corporation.com	1	solar	42	11
emanno@ontomedia.com	1	solar	109	44
ematuszak@toughzap.com	1	solar	86	
emaybury@warephase.com	1	solar	104	25
emaynerich@iselectrics.com	1	solar	57	37
emclaird@donware.com	1	solar	29	
emconnell@plussunin.com	1	solar	21	20
emirafuentes@mathtouch.com	1	solar	15	
emiro@conecom.com	1	solar	135	78
emiro@rantouch.com	1	solar	111	17
emorasca@zoomit.com	1	solar	31	
emorocco@inity.com	1	solar	241	84
emugnolo@dontechi.com	1	solar	68	13
enewville@ganjaflex.com	1	solar	102	
enewville@kinnamplus.com	1	solar	66	79
eostolaza@scottech.com	1	solar	56	38
eostrosky@y-corporation.com	1	solar	18	
epalaspas@opentech.com	1	solar	92	39
epaskin@streethex.com	1	wind-turbine	22	28
epedrozo@conecom.com	1	solar	52	44
eperigo@iselectrics.com	1	solar	63	11
epoquette@openlane.com	1	solar	172	121
erentfro@mathtouch.com	1	solar	27	
erhoden@betasoloin.com	1	solar	166	58
esaylors@warephase.com	1	solar	62	25
esaylors@warephase.com	2	solar	17	20
eschoeneck@hottechi.com	1	solar	125	51
eschoeneck@zotware.com	1	wind-turbine	28	17
eseewald@betasoloin.com	1	solar	67	15
eseewald@goodsilron.com	1	solar	74	31
esetter@goodsilron.com	1	solar	95	48
eshin@zoomit.com	1	solar	39	35
esteffensmeier@streethex.com	1	solar	26	12
esteier@kan-code.com	1	solar	72	
estem@newex.com	1	solar	122	45
estimmel@lexiqvolax.com	1	solar	28	29
esweely@ontomedia.com	1	solar	21	10
etheodorov@golddex.com	1	solar	156	
etheodorov@newex.com	1	solar	51	
ethreets@gogozoom.com	1	solar	242	77
etomasulo@groovestreet.com	1	wind-turbine	16	18
etromblay@dalttechnology.com	1	wind-turbine	37	13
etromblay@dambase.com	1	wind-turbine	54	
evonasek@bioplex.com	1	solar	26	14
evonasek@bioplex.com	2	solar	91	
evonasek@bioplex.com	3	wind-turbine	94	19
eweglarz@konex.com	1	solar	119	18
ewieser@zencorporation.com	1	solar	57	17
ewolfgramm@bioplex.com	1	solar	24	
ezagen@scottech.com	1	solar	136	62
ezane@y-corporation.com	1	solar	18	
ezane@zathunicon.com	1	wind-turbine	86	18
fadkin@plexzap.com	1	wind-turbine	18	18
fauffrey@plussunin.com	1	solar	139	132
fbartolet@xx-zobam.com	1	solar	61	39
fbartolet@xx-zobam.com	2	solar	85	26
fbeech@silis.com	1	solar	146	53
fberlanga@dontechi.com	1	wind-turbine	77	33
fbookamer@zoomit.com	1	solar	17	
fbrachle@treequote.com	1	solar	60	
fbrachle@treequote.com	2	wind-turbine	77	58
fbrossart@funholding.com	1	solar	43	38
fbutzen@xx-zobam.com	1	solar	24	
fbuvens@streethex.com	1	wind-turbine	208	78
fcanlas@hatfan.com	1	wind-turbine	146	
fcantres@betatech.com	1	solar	24	15
fcaudy@ontomedia.com	1	solar	45	17
fcaudy@ontomedia.com	2	solar	63	21
fcentini@statholdings.com	1	solar	24	50
fcoody@plusstrip.com	1	solar	74	26
fcraghead@hatfan.com	1	solar	94	18
fcronauer@finjob.com	1	solar	50	
fcrupi@betasoloin.com	1	solar	54	134
fdarakjy@zencorporation.com	1	solar	65	
fduenas@dalttechnology.com	1	solar	48	
fduenas@dalttechnology.com	2	solar	62	33
femard@opentech.com	1	solar	162	122
ffarrow@plussunin.com	1	solar	167	75
ffeichtner@dambase.com	1	solar	95	30
fferencz@zotware.com	1	wind-turbine	31	
fgehrett@labdrill.com	1	solar	64	38
fgillian@mathtouch.com	1	wind-turbine	18	13
fgreenbush@bioplex.com	1	solar	15	
fgreenbush@lexiqvolax.com	1	solar	58	19
fgwalthney@bioholding.com	1	wind-turbine	109	38
fhalsey@iselectrics.com	1	wind-turbine	16	16
fhaufler@zoomit.com	1	solar	44	
fheimann@year-job.com	1	solar	118	27
fheintzman@funholding.com	1	solar	21	
fheintzman@funholding.com	2	solar	43	29
fhollack@sonron.com	1	solar	114	33
fhughey@green-plus.com	1	solar	102	10
fisenhower@lexiqvolax.com	1	solar	20	18
fjayson@kan-code.com	1	solar	77	
fjillson@domzoom.com	1	solar	125	93
fklang@ganjaflex.com	1	solar	76	
fkoppinger@zencorporation.com	1	solar	151	
flapage@stanredtax.com	1	solar	24	14
floader@rundofase.com	1	solar	20	
fmadarang@isdom.com	1	solar	162	11
fmai@rundofase.com	1	wind-turbine	98	35
fmaisto@labdrill.com	1	wind-turbine	40	16
fmalvin@lexiqvolax.com	1	solar	30	
fmalvin@sonron.com	1	solar	125	
fmaybury@zumgoity.com	1	solar	16	16
fmaynerich@toughzap.com	1	solar	93	106
fmcnease@zencorporation.com	1	solar	123	
fmirafuentes@fasehatice.com	1	solar	114	
fmirafuentes@zotware.com	1	wind-turbine	84	14
fmiro@golddex.com	1	solar	82	17
fmorocco@inity.com	1	solar	82	37
fmugnolo@donquadtech.com	1	solar	149	30
fnachor@zotware.com	1	solar	73	
fneither@zumgoity.com	1	wind-turbine	61	115
fohms@konex.com	1	wind-turbine	51	61
fparvis@zencorporation.com	1	solar	81	
fpaulas@codehow.com	1	solar	131	13
fpolidori@sonron.com	1	solar	88	
frhym@openlane.com	1	wind-turbine	133	90
frodefer@dontechi.com	1	wind-turbine	42	17
frodefer@rantouch.com	1	solar	107	80
fruta@betasoloin.com	1	solar	113	35
fruta@betasoloin.com	2	solar	125	21
fryser@kinnamplus.com	1	solar	151	
fsamu@hottechi.com	1	solar	19	19
fsarbacher@bioplex.com	1	solar	78	40
fsayaphon@zotware.com	1	solar	141	
fschmierer@zencorporation.com	1	solar	110	55
fsemidey@nam-zim.com	1	solar	18	
fsengbusch@statholdings.com	1	wind-turbine	105	
fsengbusch@statholdings.com	2	solar	19	35
fshin@sunnamplex.com	1	solar	38	11
fstem@isdom.com	1	solar	110	29
ftagala@codehow.com	1	solar	31	24
ftawil@doncon.com	1	solar	79	36
ftomasulo@golddex.com	1	solar	130	
ftomasulo@iselectrics.com	1	solar	97	10
fvinning@dalttechnology.com	1	solar	17	30
fwolfgramm@bioholding.com	1	solar	24	27
gacey@y-corporation.com	1	solar	84	16
garceo@faxquote.com	1	wind-turbine	59	
gasar@cancity.com	1	solar	94	14
gbarfield@green-plus.com	1	solar	119	
gbarfield@zotware.com	1	solar	16	76
gbartolet@scotfind.com	1	solar	38	
gbartolet@stanredtax.com	1	solar	42	16
gbartolet@stanredtax.com	2	solar	45	30
gbatman@dambase.com	1	solar	94	34
gbennick@donquadtech.com	1	solar	77	24
gbergesen@zencorporation.com	1	solar	24	
gbergesen@zencorporation.com	2	solar	102	20
gbiddy@iselectrics.com	1	solar	41	20
gbookamer@hatfan.com	1	solar	52	45
gborgman@openlane.com	1	solar	137	
gbowley@iselectrics.com	1	solar	82	27
gbowley@stanredtax.com	1	solar	91	16
gbubash@ganjaflex.com	1	wind-turbine	118	
gbutzen@labdrill.com	1	solar	23	23
gcampain@blackzim.com	1	solar	143	79
gcandlish@newex.com	1	solar	66	
gcanlas@betatech.com	1	solar	129	11
gcantres@bioplex.com	1	solar	83	11
gcantres@y-corporation.com	1	solar	23	
gcaudy@lexiqvolax.com	1	solar	155	
gcaudy@lexiqvolax.com	2	solar	24	27
gcetta@kinnamplus.com	1	solar	51	49
gchaffins@funholding.com	1	solar	204	69
gcloney@warephase.com	1	solar	126	27
gcolaizzo@warephase.com	1	solar	33	17
gcomnick@openlane.com	1	solar	25	
gcoody@stanredtax.com	1	solar	118	43
gcryer@lexiqvolax.com	1	solar	138	16
gdallen@ron-tech.com	1	solar	106	51
gdaufeldt@zumgoity.com	1	solar	162	143
gdinos@donware.com	1	solar	47	19
gdubaldi@rantouch.com	1	solar	35	27
gehmann@opentech.com	1	solar	23	24
geroman@plussunin.com	1	solar	18	30
gfillingim@bioplex.com	1	solar	120	
gfillingim@ontomedia.com	1	wind-turbine	54	
gfishburne@ron-tech.com	1	solar	57	28
gfishburne@ron-tech.com	2	solar	117	18
gflosi@hottechi.com	1	wind-turbine	120	
ggotter@zumgoity.com	1	solar	85	14
ggotter@zumgoity.com	2	solar	50	35
ggreenbush@scottech.com	1	solar	56	
ggreenbush@scottech.com	2	wind-turbine	66	26
ggrenet@ganjaflex.com	1	solar	21	13
ggwalthney@konmatfix.com	1	wind-turbine	27	10
ghengel@dalttechnology.com	1	wind-turbine	202	
ghoffis@codehow.com	1	solar	65	
ghollack@faxquote.com	1	solar	142	
ghollack@goodsilron.com	1	solar	217	13
ghudnall@scottech.com	1	wind-turbine	98	
ginouye@finhigh.com	1	solar	177	
gjeanty@zathunicon.com	1	solar	69	42
gjulia@doncon.com	1	solar	44	20
gjurney@zotware.com	1	solar	16	21
gkaniecki@gogozoom.com	1	solar	197	
gkitzman@sumace.com	1	solar	76	
gkolmetz@kinnamplus.com	1	wind-turbine	52	13
gkorando@streethex.com	1	solar	234	26
glietz@codehow.com	1	wind-turbine	137	125
glipke@fasehatice.com	1	solar	39	17
gloader@donware.com	1	solar	27	
gloder@streethex.com	1	solar	76	67
glouissant@year-job.com	1	wind-turbine	59	110
glukasik@scotfind.com	1	solar	49	20
glukasik@scotfind.com	2	solar	47	38
gmadarang@lexiqvolax.com	1	solar	23	
gmcdoniel@golddex.com	1	solar	243	42
gmelnyk@warephase.com	1	solar	37	21
gmoyd@nam-zim.com	1	solar	56	21
gnicka@opentech.com	1	wind-turbine	23	32
gnicolozakes@bioholding.com	1	solar	63	28
gnunlee@bioholding.com	1	wind-turbine	18	43
gohms@kinnamplus.com	1	wind-turbine	31	
gostolaza@scotfind.com	1	solar	33	28
gostolaza@toughzap.com	1	solar	75	27
gpapasergi@zencorporation.com	1	solar	22	30
gpaprocki@scotfind.com	1	solar	17	
gpedrozo@conecom.com	1	solar	45	26
gperigo@rangreen.com	1	solar	68	18
gperin@ontomedia.com	1	solar	63	
gpoquette@stanredtax.com	1	solar	20	34
gpoquette@stanredtax.com	2	solar	161	23
gradde@y-corporation.com	1	solar	26	
graymo@donware.com	1	wind-turbine	135	127
grentfro@zoomit.com	1	solar	98	
griopelle@codehow.com	1	wind-turbine	30	
growling@rangreen.com	1	solar	73	34
growling@rangreen.com	2	solar	42	16
groyster@plussunin.com	1	solar	40	29
gruta@streethex.com	1	solar	102	158
gsahagun@streethex.com	1	solar	63	
gsama@zotware.com	1	solar	104	25
gsamu@hatfan.com	1	wind-turbine	90	17
gsaras@warephase.com	1	solar	89	40
gsawchuk@labdrill.com	1	solar	143	18
gschnitzler@groovestreet.com	1	solar	117	45
gschnitzler@toughzap.com	1	solar	60	
gschnitzler@toughzap.com	2	solar	181	10
gschoeneck@isdom.com	1	solar	85	52
gscriven@plusstrip.com	1	solar	38	45
gshealy@golddex.com	1	solar	44	32
gshin@xx-holding.com	1	wind-turbine	50	26
gshire@iselectrics.com	1	solar	75	22
gslayton@doncon.com	1	solar	16	27
gslusarski@domzoom.com	1	solar	75	26
gsmith@zumgoity.com	1	wind-turbine	19	33
gspringe@zumgoity.com	1	wind-turbine	48	34
gstaback@gogozoom.com	1	solar	97	31
gsteier@zoomit.com	1	solar	101	
gsweely@fasehatice.com	1	solar	98	56
gsweigard@warephase.com	1	solar	50	39
gthyberg@labdrill.com	1	solar	87	16
gthyberg@labdrill.com	2	solar	91	18
gtjepkema@gogozoom.com	1	solar	25	
gtjepkema@gogozoom.com	2	solar	65	48
gtjepkema@gogozoom.com	3	solar	79	12
gtomasulo@finjob.com	1	solar	29	
gupthegrove@rundofase.com	1	wind-turbine	33	
gvizarro@konex.com	1	solar	66	52
gwhobrey@betasoloin.com	1	solar	72	16
gwhobrey@kan-code.com	1	solar	135	36
gwide@rundofase.com	1	wind-turbine	16	
gwildfong@ganjaflex.com	1	solar	93	13
gwolfgramm@rantouch.com	1	solar	123	21
gwolfgramm@rantouch.com	2	solar	29	33
gwrinkles@zotware.com	1	solar	25	
gyaw@statholdings.com	1	solar	45	
gyori@warephase.com	1	solar	78	31
habdallah@newex.com	1	solar	105	31
hagramonte@hottechi.com	1	solar	69	
harceo@rantouch.com	1	wind-turbine	99	92
haredondo@konex.com	1	solar	65	25
hauber@lexiqvolax.com	1	solar	17	34
hauber@rantouch.com	1	solar	108	
hbeech@warephase.com	1	solar	226	106
hborgman@condax.com	1	solar	16	17
hbreland@zumgoity.com	1	solar	38	
hbreland@zumgoity.com	2	solar	122	21
hbrucato@donware.com	1	solar	48	
hbruschke@codehow.com	1	solar	53	
hbuemi@finhigh.com	1	solar	160	
hcanlas@toughzap.com	1	solar	68	20
hcanlas@toughzap.com	2	solar	93	40
hcantres@finhigh.com	1	solar	20	
hcastros@faxquote.com	1	solar	24	29
hcastros@golddex.com	1	solar	31	
hchaffins@labdrill.com	1	solar	67	35
hchavous@bioholding.com	1	solar	59	
hchavous@bioholding.com	2	wind-turbine	68	47
hchavous@bioholding.com	3	solar	23	15
hchickering@zencorporation.com	1	wind-turbine	51	18
hcolaizzo@blackzim.com	1	solar	55	29
hdallen@goodsilron.com	1	solar	28	47
hdaufeldt@zoomit.com	1	solar	15	18
hdaufeldt@zoomit.com	2	solar	126	17
hdegonia@warephase.com	1	solar	18	81
hdeleo@funholding.com	1	solar	21	
hdeleo@funholding.com	2	solar	20	
hdickerson@hottechi.com	1	solar	28	34
hdorshorst@betatech.com	1	solar	133	66
hdubaldi@fasehatice.com	1	wind-turbine	79	17
hehmann@treequote.com	1	wind-turbine	109	46
heroman@inity.com	1	solar	128	
hfeichtner@groovestreet.com	1	solar	54	14
hfern@groovestreet.com	1	solar	37	
hflister@ontomedia.com	1	solar	17	
hfrancescon@treequote.com	1	solar	48	12
hgibes@labdrill.com	1	wind-turbine	76	17
hheimann@hottechi.com	1	solar	125	33
hhiatt@funholding.com	1	solar	62	
hhidvegi@toughzap.com	1	wind-turbine	91	
hhixenbaugh@mathtouch.com	1	solar	76	
hkeetch@betasoloin.com	1	solar	59	45
hkitty@green-plus.com	1	solar	66	27
hkitty@green-plus.com	2	wind-turbine	66	
hlapage@scotfind.com	1	solar	53	26
hlapage@scotfind.com	2	solar	40	27
hlukasik@betatech.com	1	solar	75	31
hmaynerich@zoomit.com	1	solar	91	49
hmcdoniel@groovestreet.com	1	solar	44	29
hmcnease@finjob.com	1	solar	116	15
hmeteer@newex.com	1	solar	46	
hmiro@toughzap.com	1	solar	140	
hmodzelewski@zathunicon.com	1	solar	158	17
hmonterrubio@isdom.com	1	solar	24	35
hnayar@toughzap.com	1	solar	113	67
hohms@groovestreet.com	1	solar	88	18
hpalaspas@plexzap.com	1	solar	20	13
hpatak@fasehatice.com	1	wind-turbine	55	29
hpatak@fasehatice.com	2	solar	103	28
hperruzza@donquadtech.com	1	solar	24	27
hperruzza@donquadtech.com	2	solar	53	16
hriden@dalttechnology.com	1	wind-turbine	25	26
hriopelle@ron-tech.com	1	solar	42	12
hsaulter@scotfind.com	1	solar	49	16
hschoeneck@donquadtech.com	1	solar	36	27
hscriven@green-plus.com	1	solar	92	29
hscriven@green-plus.com	2	solar	104	24
hsengbusch@goodsilron.com	1	wind-turbine	53	
hshin@donquadtech.com	1	solar	25	100
hstaback@plussunin.com	1	solar	64	
hsuell@donquadtech.com	1	solar	92	26
hsuffield@isdom.com	1	solar	64	
htheodorov@statholdings.com	1	solar	54	38
hthreets@finhigh.com	1	wind-turbine	36	42
hvanausdal@betatech.com	1	solar	162	72
hwitten@year-job.com	1	solar	208	50
iarias@gogozoom.com	1	solar	78	18
ibaltimore@donware.com	1	solar	16	11
icetta@finhigh.com	1	solar	20	107
ichickering@silis.com	1	solar	22	25
icolaizzo@plussunin.com	1	wind-turbine	24	18
icookey@sonron.com	1	wind-turbine	78	115
iferencz@conecom.com	1	solar	60	
ifrerking@groovestreet.com	1	solar	44	17
ifrerking@groovestreet.com	2	solar	102	31
ifrey@yearin.com	1	solar	17	14
ihalsey@dontechi.com	1	solar	195	77
ijayson@domzoom.com	1	solar	47	
ijayson@domzoom.com	2	solar	81	39
ijurney@hottechi.com	1	solar	22	
ikarpel@dontechi.com	1	solar	59	23
iknipp@zotware.com	1	wind-turbine	48	26
iknipp@zotware.com	2	solar	23	
iknipp@zotware.com	3	wind-turbine	70	37
ilary@bioholding.com	1	wind-turbine	71	58
imalvin@toughzap.com	1	solar	142	
imartabano@dambase.com	1	wind-turbine	56	41
imerced@nam-zim.com	1	solar	100	15
inestle@fasehatice.com	1	solar	47	16
ioles@fasehatice.com	1	wind-turbine	33	
ionofrio@scotfind.com	1	solar	37	21
irhoden@yearin.com	1	solar	153	62
isayaphon@finjob.com	1	wind-turbine	77	91
isuffield@gogozoom.com	1	solar	91	85
ivonasek@plussunin.com	1	solar	18	21
iweirather@singletechno.com	1	solar	31	19
jabdallah@dalttechnology.com	1	wind-turbine	15	
jabdallah@sonron.com	1	solar	22	18
jacuff@groovestreet.com	1	solar	34	23
jacuff@groovestreet.com	2	wind-turbine	53	
jagramonte@stanredtax.com	1	solar	36	11
jamigon@yearin.com	1	solar	46	36
jamyot@groovestreet.com	1	solar	47	16
jamyot@konmatfix.com	1	wind-turbine	19	58
jarceo@konex.com	1	wind-turbine	96	15
jarceo@scotfind.com	1	solar	45	21
jarias@scottech.com	1	solar	24	75
jauffrey@stanredtax.com	1	wind-turbine	53	39
jbaltimore@green-plus.com	1	solar	17	92
jbeech@scottech.com	1	solar	81	
jbenimadho@condax.com	1	solar	24	38
jbenimadho@condax.com	2	solar	59	
jbenimadho@condax.com	3	solar	82	19
jbenimadho@condax.com	4	solar	140	36
jbennick@donquadtech.com	1	solar	151	63
jbilden@fasehatice.com	1	solar	36	24
jbilden@fasehatice.com	2	wind-turbine	87	18
jbitsuie@ganjaflex.com	1	solar	94	35
jblunk@dalttechnology.com	1	solar	211	54
jbookamer@sonron.com	1	solar	74	11
jboulter@betasoloin.com	1	solar	21	19
jbriddick@toughzap.com	1	solar	20	17
jbruschke@scottech.com	1	wind-turbine	62	27
jcaldarera@plussunin.com	1	solar	127	24
jcaldarera@stanredtax.com	1	wind-turbine	158	11
jcalvaresi@bioplex.com	1	solar	99	16
jcalvaresi@funholding.com	1	solar	85	31
jcampain@plusstrip.com	1	solar	191	120
jcandlish@bioplex.com	1	solar	63	13
jcandlish@ontomedia.com	1	wind-turbine	115	98
jcanlas@konmatfix.com	1	solar	193	62
jcantres@sonron.com	1	solar	23	40
jcantres@yearin.com	1	solar	120	50
jcastros@konmatfix.com	1	wind-turbine	76	32
jchaffins@kan-code.com	1	solar	108	23
jchickering@bioplex.com	1	solar	22	14
jclaucherty@condax.com	1	solar	82	
jcolla@silis.com	1	solar	30	36
jcolla@zoomit.com	1	solar	80	
jcomnick@scottech.com	1	solar	50	
jcorrington@treequote.com	1	solar	54	19
jcorrington@treequote.com	2	solar	57	24
jdaufeldt@y-corporation.com	1	solar	43	
jdegroot@bioholding.com	1	solar	56	151
jdhamer@dontechi.com	1	solar	17	20
jdhamer@dontechi.com	2	wind-turbine	45	48
jdopico@streethex.com	1	wind-turbine	22	
jdorshorst@scotfind.com	1	solar	18	48
jdrymon@lexiqvolax.com	1	solar	68	14
jdrymon@plussunin.com	1	solar	59	54
jduenas@scottech.com	1	solar	60	
jeroman@isdom.com	1	wind-turbine	71	20
jeroman@isdom.com	2	solar	81	19
jfallick@streethex.com	1	solar	18	19
jfarrar@green-plus.com	1	solar	46	26
jfarrow@finjob.com	1	solar	19	50
jfarrow@konmatfix.com	1	solar	108	
jfigeroa@bioplex.com	1	solar	204	82
jfishburne@xx-holding.com	1	solar	76	14
jfortino@fasehatice.com	1	solar	71	17
jfrancescon@nam-zim.com	1	solar	72	48
jgellinger@dontechi.com	1	solar	22	39
jgellinger@kan-code.com	1	solar	38	27
jgellinger@treequote.com	1	solar	19	41
jgesick@codehow.com	1	solar	20	13
jgillaspie@streethex.com	1	solar	107	31
jgochal@hottechi.com	1	solar	23	17
jgochal@plussunin.com	1	wind-turbine	22	
jgrenet@goodsilron.com	1	solar	45	47
jgrenet@goodsilron.com	2	solar	16	
jhalsey@labdrill.com	1	solar	16	
jhalter@faxquote.com	1	wind-turbine	51	42
jhamilton@rangreen.com	1	solar	16	82
jharnos@zencorporation.com	1	solar	25	22
jhauenstein@conecom.com	1	solar	58	28
jheintzman@goodsilron.com	1	solar	296	
jhochard@xx-holding.com	1	solar	28	
jhoffis@streethex.com	1	solar	63	55
jhoneywell@rundofase.com	1	solar	68	44
jhudnall@rundofase.com	1	solar	66	89
jhudnall@streethex.com	1	solar	47	
jhusser@doncon.com	1	solar	73	17
jjuhas@doncon.com	1	solar	49	27
jjuvera@gogozoom.com	1	solar	148	34
jkardas@green-plus.com	1	solar	110	33
jkardas@green-plus.com	2	solar	24	21
jkeener@blackzim.com	1	solar	67	11
jketelsen@treequote.com	1	solar	68	
jkiel@hatfan.com	1	solar	86	22
jklimek@silis.com	1	solar	77	14
jklusman@openlane.com	1	solar	16	
jklusman@plusstrip.com	1	solar	77	
jkohl@plusstrip.com	1	solar	63	
jkohl@plusstrip.com	2	solar	52	10
jkolmetz@donware.com	1	solar	196	55
jkonopacki@sonron.com	1	wind-turbine	143	
jkorando@kinnamplus.com	1	solar	22	
jkownacki@donquadtech.com	1	solar	70	21
jkusko@scotfind.com	1	solar	183	38
jlace@zumgoity.com	1	wind-turbine	42	17
jlapage@codehow.com	1	solar	41	27
jlatzke@donquadtech.com	1	solar	21	22
jlawler@donware.com	1	solar	41	34
jlipke@lexiqvolax.com	1	solar	77	10
jlipke@zotware.com	1	solar	99	
jloader@ganjaflex.com	1	solar	240	
jloder@dalttechnology.com	1	solar	131	
jlother@golddex.com	1	solar	54	20
jlueckenbach@rundofase.com	1	solar	93	
jlungren@faxquote.com	1	solar	100	16
jlungren@y-corporation.com	1	solar	108	22
jmaclead@rundofase.com	1	solar	72	43
jmaisto@domzoom.com	1	solar	147	107
jmalvin@kinnamplus.com	1	solar	21	
jmalvin@scottech.com	1	solar	19	
jmanno@plexzap.com	1	wind-turbine	72	46
jmarrier@toughzap.com	1	solar	20	10
jmconnell@donware.com	1	solar	38	39
jmconnell@donware.com	2	solar	83	
jmcrae@newex.com	1	solar	17	
jmeinerding@rantouch.com	1	solar	29	
jmelnyk@codehow.com	1	wind-turbine	88	19
jmonarrez@warephase.com	1	solar	79	16
jmondella@konex.com	1	wind-turbine	20	27
jmotley@plusstrip.com	1	wind-turbine	36	19
jmotley@rundofase.com	1	solar	81	
jmotley@streethex.com	1	solar	106	31
jmoyd@condax.com	1	solar	137	65
jmulqueen@year-job.com	1	solar	137	
jmunis@iselectrics.com	1	solar	75	
jneither@green-plus.com	1	solar	74	25
jnicolozakes@nam-zim.com	1	solar	148	
johms@plussunin.com	1	solar	46	
jonofrio@finhigh.com	1	solar	41	
jostolaza@xx-zobam.com	1	solar	57	16
jostolaza@xx-zobam.com	2	solar	23	40
jostrosky@bioplex.com	1	solar	38	15
jpagliuca@yearin.com	1	solar	95	90
jpapasergi@condax.com	1	solar	70	20
jperin@betasoloin.com	1	solar	23	
jpolidori@singletechno.com	1	solar	94	
jpontoriero@dontechi.com	1	solar	20	26
jpontoriero@ontomedia.com	1	solar	93	18
jpugh@plexzap.com	1	solar	73	29
jpugh@plexzap.com	2	solar	103	33
jrauser@dalttechnology.com	1	wind-turbine	46	58
jrauser@streethex.com	1	wind-turbine	45	
jraymo@gogozoom.com	1	solar	97	25
jreitler@condax.com	1	solar	19	67
jrestrepo@doncon.com	1	solar	29	19
jrim@konmatfix.com	1	solar	101	
jrim@konmatfix.com	2	solar	20	16
jriopelle@scottech.com	1	wind-turbine	19	
jrodefer@y-corporation.com	1	solar	63	14
jrulapaugh@domzoom.com	1	solar	22	
jrulapaugh@domzoom.com	2	solar	37	
jryser@golddex.com	1	solar	20	
jsamu@xx-holding.com	1	solar	79	
jsarbacher@newex.com	1	solar	76	152
jscheyer@zumgoity.com	1	solar	59	17
jschieler@green-plus.com	1	solar	19	62
jschieler@scottech.com	1	solar	206	80
jschmierer@konex.com	1	solar	63	
jscipione@sonron.com	1	solar	119	19
jscriven@donquadtech.com	1	wind-turbine	24	32
jseewald@domzoom.com	1	solar	88	17
jsergi@xx-zobam.com	1	solar	50	84
jshadrick@inity.com	1	solar	86	
jshire@domzoom.com	1	solar	138	38
jshire@domzoom.com	2	solar	110	17
jslayton@inity.com	1	solar	74	
jslayton@zotware.com	1	solar	99	
jspickerman@donquadtech.com	1	solar	54	45
jstaback@konmatfix.com	1	solar	95	
jstaback@ron-tech.com	1	solar	95	
jsteffensmeier@konex.com	1	solar	117	
jsteffensmeier@ron-tech.com	1	solar	22	58
jstem@y-corporation.com	1	solar	19	18
jstenseth@blackzim.com	1	solar	72	
jstorment@singletechno.com	1	solar	94	37
jstuer@lexiqvolax.com	1	wind-turbine	15	21
jsturiale@betasoloin.com	1	solar	127	19
jsturiale@betasoloin.com	2	solar	136	
jsturiale@hatfan.com	1	solar	55	
jsuell@y-corporation.com	1	solar	46	
jsweigard@zencorporation.com	1	solar	57	27
jtheodorov@golddex.com	1	solar	44	45
jthreets@plusstrip.com	1	solar	53	
jtolfree@cancity.com	1	solar	31	75
jtolfree@plusstrip.com	1	solar	103	
jtollner@dambase.com	1	solar	52	134
jtollner@finjob.com	1	wind-turbine	99	33
jturinetti@zencorporation.com	1	solar	124	
jupthegrove@j-texon.com	1	solar	60	
jventura@condax.com	1	wind-turbine	18	47
jventura@konex.com	1	solar	72	
jventura@newex.com	1	wind-turbine	68	
jvonasek@condax.com	1	solar	107	
jwalthall@singletechno.com	1	solar	132	22
jweglarz@singletechno.com	1	solar	57	13
jwide@rundofase.com	1	solar	39	89
jwitten@iselectrics.com	1	solar	20	36
jwitten@iselectrics.com	2	solar	22	22
jwitten@iselectrics.com	3	solar	53	15
jwolfgramm@opentech.com	1	solar	115	26
jyglesias@finhigh.com	1	solar	124	25
jzane@silis.com	1	solar	45	39
jzepp@condax.com	1	solar	122	15
kabdallah@kinnamplus.com	1	solar	113	20
kauffrey@nam-zim.com	1	wind-turbine	115	17
kbaltimore@fasehatice.com	1	solar	89	
kbitsuie@sunnamplex.com	1	solar	146	12
kblunk@treequote.com	1	wind-turbine	66	
kblunk@treequote.com	2	solar	146	44
kblunk@treequote.com	3	solar	69	27
kblunk@treequote.com	4	solar	77	31
kcaiafa@betasoloin.com	1	solar	126	45
kcaiafa@plexzap.com	1	solar	68	67
kcaudy@iselectrics.com	1	solar	99	24
kcaudy@iselectrics.com	2	solar	111	15
kchaffins@scotfind.com	1	solar	127	63
kcolla@scotfind.com	1	solar	20	28
kcomnick@newex.com	1	solar	53	
kcorbley@faxquote.com	1	solar	24	15
kcork@mathtouch.com	1	solar	98	24
kcoyier@xx-zobam.com	1	solar	193	53
kcryer@doncon.com	1	solar	70	72
kdaufeldt@gogozoom.com	1	solar	147	60
kdewar@silis.com	1	wind-turbine	203	
kdickerson@isdom.com	1	solar	37	25
kdilliard@doncon.com	1	solar	172	28
kdinos@donquadtech.com	1	solar	109	40
kdinos@openlane.com	1	solar	114	17
kdinos@sonron.com	1	wind-turbine	103	
kdorshorst@funholding.com	1	solar	139	38
kdorshorst@funholding.com	2	solar	88	31
keanes@ganjaflex.com	1	solar	163	48
keanes@statholdings.com	1	solar	103	
kengelberg@dambase.com	1	wind-turbine	39	
kfallick@bioplex.com	1	solar	121	56
kfern@domzoom.com	1	wind-turbine	47	
kfrankel@golddex.com	1	solar	80	23
kfrankel@golddex.com	2	solar	87	31
kgesick@conecom.com	1	solar	29	89
kgibes@kinnamplus.com	1	solar	133	
kgillaspie@xx-zobam.com	1	solar	95	
kgillaspie@xx-zobam.com	2	solar	51	
kgillian@fasehatice.com	1	solar	103	
kgillian@fasehatice.com	2	solar	18	26
kgochal@faxquote.com	1	wind-turbine	55	
kgotter@hottechi.com	1	solar	97	15
kgotter@xx-zobam.com	1	solar	17	26
kgreenbush@openlane.com	1	wind-turbine	51	
khalsey@finhigh.com	1	solar	135	63
khanafan@plexzap.com	1	solar	60	10
khanafan@plexzap.com	2	solar	131	
kharabedian@cancity.com	1	wind-turbine	43	
kharabedian@cancity.com	2	wind-turbine	109	24
kharabedian@cancity.com	3	solar	37	34
kheintzman@mathtouch.com	1	solar	39	46
khidvegi@konex.com	1	solar	17	
khixenbaugh@silis.com	1	solar	68	35
khoogland@year-job.com	1	solar	45	
kjillson@kan-code.com	1	wind-turbine	51	57
kjuvera@zotware.com	1	solar	19	
kkannady@zathunicon.com	1	solar	61	24
kkeetch@plexzap.com	1	wind-turbine	104	20
kklusman@silis.com	1	solar	22	82
kkolmetz@kinnamplus.com	1	wind-turbine	51	62
klacovara@green-plus.com	1	solar	92	27
klatzke@statholdings.com	1	wind-turbine	62	30
kleinenbach@sonron.com	1	solar	40	31
klinahan@rundofase.com	1	solar	43	
klindall@xx-zobam.com	1	solar	53	27
klipkin@streethex.com	1	solar	55	30
kliukko@kan-code.com	1	solar	59	15
kliukko@kan-code.com	2	solar	119	31
klorens@finjob.com	1	solar	96	
kmai@zotware.com	1	solar	83	79
kmarrier@y-corporation.com	1	wind-turbine	58	19
kmartabano@funholding.com	1	solar	60	
kmatuszak@yearin.com	1	solar	66	104
kmatuszak@zencorporation.com	1	solar	30	
kmccullan@nam-zim.com	1	wind-turbine	26	13
kmcdoniel@fasehatice.com	1	solar	90	26
kmconnell@konmatfix.com	1	solar	86	14
kmconnell@konmatfix.com	2	solar	18	
kmeteer@hottechi.com	1	solar	17	
kmeteer@iselectrics.com	1	solar	131	24
kmirafuentes@silis.com	1	solar	55	14
kmiro@rangreen.com	1	solar	105	27
kmorocco@bioplex.com	1	wind-turbine	38	39
kmorocco@conecom.com	1	solar	132	59
kmulqueen@cancity.com	1	solar	105	45
kmulqueen@yearin.com	1	solar	97	
kmunns@ontomedia.com	1	solar	84	29
kmyricks@zencorporation.com	1	solar	77	32
kmyricks@zencorporation.com	2	wind-turbine	18	30
knachor@scotfind.com	1	solar	54	46
knunlee@newex.com	1	solar	70	32
koldroyd@dambase.com	1	solar	41	28
koldroyd@dambase.com	2	solar	121	
kperin@dontechi.com	1	solar	68	
kperin@dontechi.com	2	solar	159	
kplumer@zencorporation.com	1	solar	101	66
kpontoriero@xx-zobam.com	1	solar	52	
kpoquette@opentech.com	1	solar	175	64
kradde@zoomit.com	1	solar	78	
krauser@donquadtech.com	1	solar	37	
kreitler@groovestreet.com	1	solar	83	
krentfro@betatech.com	1	solar	117	55
krhym@lexiqvolax.com	1	solar	19	
kroyster@inity.com	1	solar	46	23
ksaulter@plusstrip.com	1	solar	65	17
ksaylors@doncon.com	1	wind-turbine	76	14
kschemmer@scotfind.com	1	solar	57	
kschemmer@y-corporation.com	1	solar	73	28
kschmierer@toughzap.com	1	solar	37	
kschmierer@toughzap.com	2	solar	23	39
kschnitzler@finjob.com	1	wind-turbine	84	39
ksengbusch@goodsilron.com	1	solar	19	27
ksmith@codehow.com	1	solar	47	39
kspringe@mathtouch.com	1	solar	141	139
kstaback@gogozoom.com	1	solar	43	
kstaback@gogozoom.com	2	wind-turbine	62	42
ksuell@rangreen.com	1	solar	15	48
ksuffield@j-texon.com	1	wind-turbine	40	20
ksyrop@bioholding.com	1	solar	66	
kthyberg@betasoloin.com	1	solar	62	49
kvenere@cancity.com	1	solar	101	47
kvillanueva@iselectrics.com	1	solar	43	32
kvillanueva@labdrill.com	1	wind-turbine	54	
kwardrip@y-corporation.com	1	solar	176	82
kwenzinger@newex.com	1	solar	60	10
kyglesias@cancity.com	1	solar	122	23
kyglesias@cancity.com	2	solar	58	11
kyglesias@yearin.com	1	solar	67	21
kzurcher@goodsilron.com	1	solar	23	
lacey@zoomit.com	1	solar	76	18
ladkin@singletechno.com	1	solar	16	
ladkin@singletechno.com	2	solar	68	
lagramonte@sumace.com	1	solar	120	
lamyot@doncon.com	1	solar	20	37
langalich@rangreen.com	1	solar	81	14
lankeny@betasoloin.com	1	wind-turbine	73	
lbarfield@zotware.com	1	solar	112	45
lbergesen@dalttechnology.com	1	solar	61	55
lberray@bioplex.com	1	solar	62	114
lbevelacqua@sonron.com	1	solar	17	50
lbiddy@conecom.com	1	solar	47	20
lbilden@plusstrip.com	1	solar	93	
lblackwood@ron-tech.com	1	wind-turbine	52	17
lblunk@doncon.com	1	solar	19	
lbolognia@dambase.com	1	solar	49	66
lboord@sonron.com	1	solar	55	14
lborgman@betasoloin.com	1	solar	79	
lborgman@betasoloin.com	2	solar	38	47
lboulter@codehow.com	1	solar	58	17
lboulter@finhigh.com	1	solar	135	17
lbourbon@doncon.com	1	solar	104	112
lbowley@rundofase.com	1	solar	41	
lbowley@rundofase.com	2	solar	22	31
lbowley@statholdings.com	1	solar	151	27
lbrossart@dalttechnology.com	1	wind-turbine	104	15
lbrossart@finhigh.com	1	solar	54	47
lbrucato@bioholding.com	1	solar	21	17
lbuemi@opentech.com	1	solar	67	21
lbutzen@green-plus.com	1	solar	44	23
lcaiafa@sunnamplex.com	1	solar	76	
lcallaro@inity.com	1	solar	81	15
lcallaro@inity.com	2	solar	98	34
lcalvaresi@lexiqvolax.com	1	solar	16	22
lcandlish@blackzim.com	1	solar	20	11
lcandlish@plussunin.com	1	wind-turbine	21	12
lcanlas@hatfan.com	1	solar	51	12
lcantres@xx-zobam.com	1	wind-turbine	41	
lclaucherty@plussunin.com	1	solar	36	
lcloney@scotfind.com	1	solar	20	19
lcloney@scotfind.com	2	solar	53	25
lcoody@condax.com	1	wind-turbine	265	59
lcork@scottech.com	1	solar	41	36
lcorrington@xx-holding.com	1	solar	105	
lcronauer@opentech.com	1	solar	47	25
lcrupi@bioholding.com	1	solar	61	
ldarakjy@scotfind.com	1	solar	148	
ldegonia@kinnamplus.com	1	solar	91	14
ldegonia@treequote.com	1	solar	52	50
ldhamer@finjob.com	1	solar	36	
ldhamer@openlane.com	1	solar	20	55
ldhamer@openlane.com	2	solar	96	16
ldiestel@conecom.com	1	solar	46	11
ldilliard@nam-zim.com	1	wind-turbine	114	28
ldinos@groovestreet.com	1	solar	54	25
ldinos@scottech.com	1	solar	30	
ldinos@zumgoity.com	1	solar	111	24
ldiscipio@inity.com	1	solar	86	29
ldopico@nam-zim.com	1	solar	17	16
ldopico@warephase.com	1	solar	18	
leanes@openlane.com	1	wind-turbine	128	25
leanes@openlane.com	2	solar	16	
lemard@codehow.com	1	solar	122	
lemigh@konmatfix.com	1	wind-turbine	85	
lfallick@kan-code.com	1	solar	34	60
lfarrow@donquadtech.com	1	solar	45	
lfarrow@donquadtech.com	2	solar	32	41
lfarrow@donquadtech.com	3	solar	56	
lfarrow@silis.com	1	solar	62	
lferencz@isdom.com	1	solar	42	30
lferencz@xx-holding.com	1	solar	32	
lferrario@singletechno.com	1	wind-turbine	124	26
lfrancescon@treequote.com	1	wind-turbine	49	
lgabisi@doncon.com	1	solar	191	72
lgellinger@rundofase.com	1	solar	136	15
lgesick@green-plus.com	1	solar	226	
lgesick@hottechi.com	1	wind-turbine	15	21
lgesick@hottechi.com	2	solar	95	25
lgiguere@golddex.com	1	solar	20	
lgobern@konmatfix.com	1	solar	65	40
lgudroe@bioplex.com	1	solar	82	10
lgudroe@donware.com	1	solar	98	10
lgwalthney@doncon.com	1	solar	185	
lhagele@year-job.com	1	solar	75	
lharnos@doncon.com	1	solar	72	
lhauenstein@condax.com	1	solar	69	35
lhauenstein@j-texon.com	1	solar	20	
lhauenstein@sunnamplex.com	1	solar	125	51
lheintzman@dontechi.com	1	solar	117	14
lhiatt@bioplex.com	1	solar	46	13
lhirpara@faxquote.com	1	wind-turbine	15	13
lhoa@donquadtech.com	1	solar	54	27
lhoa@donquadtech.com	2	solar	43	41
lhochard@inity.com	1	solar	39	64
lhochard@j-texon.com	1	solar	66	23
lhoffis@streethex.com	1	wind-turbine	50	18
lhollack@isdom.com	1	wind-turbine	68	67
lhoneywell@gogozoom.com	1	wind-turbine	66	55
lhoogland@groovestreet.com	1	wind-turbine	19	36
lhoogland@groovestreet.com	2	solar	46	16
linouye@statholdings.com	1	solar	160	
lisenhower@scottech.com	1	wind-turbine	95	10
ljillson@plusstrip.com	1	solar	127	72
ljuhas@stanredtax.com	1	solar	23	
ljulia@konex.com	1	solar	100	11
ljulia@ontomedia.com	1	solar	52	21
ljurney@ganjaflex.com	1	solar	61	
ljurney@ganjaflex.com	2	solar	56	18
ljurney@ganjaflex.com	3	solar	73	33
lkalafatis@finjob.com	1	wind-turbine	79	22
lkannady@bioholding.com	1	solar	74	16
lkannady@faxquote.com	1	solar	101	
lkeener@stanredtax.com	1	solar	147	
lkeetch@hatfan.com	1	solar	46	
lkeneipp@betatech.com	1	wind-turbine	108	
lketelsen@bioholding.com	1	wind-turbine	120	
lketelsen@bioholding.com	2	solar	95	38
lkippley@sumace.com	1	solar	73	37
lkippley@y-corporation.com	1	solar	108	
lkippley@y-corporation.com	2	solar	32	35
lklang@kan-code.com	1	solar	104	77
lklang@silis.com	1	solar	52	11
lklimek@xx-holding.com	1	solar	58	
lkohl@xx-holding.com	1	solar	18	50
lkohnert@plussunin.com	1	wind-turbine	25	54
lkusko@ron-tech.com	1	solar	96	60
llabreche@rundofase.com	1	solar	72	
llabreche@treequote.com	1	solar	93	
llace@xx-zobam.com	1	solar	52	
llawler@gogozoom.com	1	solar	76	34
lleto@labdrill.com	1	solar	21	34
lleto@plussunin.com	1	solar	83	19
llipkin@zumgoity.com	1	solar	149	26
llizama@year-job.com	1	solar	74	19
llukasik@statholdings.com	1	solar	72	24
lmaclead@donware.com	1	solar	19	59
lmai@finjob.com	1	solar	47	
lmai@sunnamplex.com	1	wind-turbine	157	
lmaillard@singletechno.com	1	solar	15	19
lmaisto@faxquote.com	1	solar	60	106
lmaisto@y-corporation.com	1	solar	100	
lmallett@scotfind.com	1	solar	23	15
lmalvin@zathunicon.com	1	solar	122	35
lmartabano@ron-tech.com	1	solar	47	
lmcdoniel@dambase.com	1	solar	84	
lmclaird@xx-holding.com	1	solar	50	38
lmconnell@xx-holding.com	1	solar	157	21
lmeinerding@zoomit.com	1	solar	92	
lmenter@hottechi.com	1	solar	95	53
lmenter@opentech.com	1	solar	66	27
lmerced@yearin.com	1	wind-turbine	16	20
lmeteer@doncon.com	1	solar	52	
lmiro@singletechno.com	1	solar	23	
lmodzelewski@funholding.com	1	solar	76	15
lmodzelewski@gogozoom.com	1	solar	145	
lmondella@toughzap.com	1	solar	250	
lmonterrubio@rangreen.com	1	solar	69	60
lmorocco@donquadtech.com	1	solar	153	16
lmotley@dalttechnology.com	1	solar	115	66
lmoyd@dontechi.com	1	wind-turbine	48	12
lmulqueen@bioholding.com	1	solar	41	47
lnabours@plusstrip.com	1	solar	16	41
lonofrio@xx-holding.com	1	wind-turbine	66	
lpaa@scottech.com	1	solar	26	37
lpadilla@toughzap.com	1	solar	54	10
lpalaia@yearin.com	1	solar	90	
lparlato@fasehatice.com	1	solar	38	37
lparvis@betasoloin.com	1	solar	78	50
lpaskin@groovestreet.com	1	wind-turbine	30	
lpaskin@isdom.com	1	solar	75	28
lpawlowicz@rangreen.com	1	solar	24	25
lpawlowicz@rangreen.com	2	solar	56	23
lpedrozo@silis.com	1	solar	26	25
lpelkowski@donquadtech.com	1	wind-turbine	53	31
lperez@ron-tech.com	1	solar	66	
lperruzza@ron-tech.com	1	solar	121	
lpinilla@isdom.com	1	solar	20	19
lpinilla@isdom.com	2	solar	67	25
lpontoriero@warephase.com	1	solar	58	69
lpoullion@golddex.com	1	solar	38	30
lrauser@donware.com	1	solar	70	50
lregusters@singletechno.com	1	solar	22	51
lrentfro@betatech.com	1	solar	22	
lrentfro@goodsilron.com	1	solar	118	45
lrentfro@goodsilron.com	2	solar	70	18
lrhoden@kinnamplus.com	1	solar	98	33
lriden@inity.com	1	solar	78	30
lrim@nam-zim.com	1	solar	46	56
lrim@singletechno.com	1	wind-turbine	52	42
lrochin@ontomedia.com	1	solar	62	40
lrodefer@zencorporation.com	1	solar	75	25
lrodenberger@golddex.com	1	solar	35	
lroyster@newex.com	1	solar	18	
lroyster@newex.com	2	solar	20	41
lrulapaugh@green-plus.com	1	solar	40	
lryser@warephase.com	1	solar	72	46
lsahagun@betasoloin.com	1	solar	59	12
lsarao@golddex.com	1	solar	27	16
lsarao@plexzap.com	1	solar	146	
lsarbacher@green-plus.com	1	solar	70	
lsarbacher@warephase.com	1	solar	19	30
lsawchuk@konmatfix.com	1	solar	144	
lsaylors@plussunin.com	1	solar	98	15
lschemmer@golddex.com	1	solar	94	
lscheyer@plussunin.com	1	solar	58	36
lschieler@toughzap.com	1	solar	70	56
lschirpke@lexiqvolax.com	1	solar	74	13
lschmierer@hottechi.com	1	solar	115	30
lschmierer@zathunicon.com	1	solar	62	
lschoeneck@dontechi.com	1	solar	15	36
lseewald@bioplex.com	1	solar	85	
lsetter@zathunicon.com	1	solar	90	11
lshealy@doncon.com	1	solar	49	
lshin@fasehatice.com	1	solar	156	36
lshire@dalttechnology.com	1	solar	61	21
lshire@dalttechnology.com	2	solar	58	39
lshire@scottech.com	1	solar	19	21
lskursky@betatech.com	1	solar	22	12
lskursky@kan-code.com	1	solar	18	62
lsteffensmeier@sumace.com	1	solar	180	59
lstenseth@statholdings.com	1	solar	54	50
lstenseth@statholdings.com	2	solar	37	19
lstenseth@zumgoity.com	1	wind-turbine	142	31
lstimmel@streethex.com	1	solar	86	44
lstoltzman@rantouch.com	1	solar	38	
lstoltzman@sonron.com	1	wind-turbine	129	48
lstoltzman@warephase.com	1	solar	72	40
lstuer@kinnamplus.com	1	solar	78	30
lstuer@kinnamplus.com	2	solar	83	43
lsweigard@funholding.com	1	solar	79	41
lsweigard@funholding.com	2	solar	128	19
lsyrop@hatfan.com	1	solar	124	28
lsyrop@openlane.com	1	solar	80	
lsyrop@openlane.com	2	solar	15	30
lsyrop@plexzap.com	1	solar	19	21
lsyrop@rantouch.com	1	solar	16	20
ltawil@mathtouch.com	1	solar	32	
ltawil@scottech.com	1	solar	73	12
ltawil@statholdings.com	1	wind-turbine	54	25
ltawil@y-corporation.com	1	solar	29	
ltheodorov@cancity.com	1	solar	186	75
ltheodorov@silis.com	1	wind-turbine	67	
lthreets@zoomit.com	1	solar	19	19
ltimenez@conecom.com	1	solar	57	31
ltomblin@konmatfix.com	1	solar	90	17
ltoyama@plexzap.com	1	solar	137	25
ltoyama@plexzap.com	2	solar	59	28
ltoyama@plexzap.com	3	solar	96	32
ltromblay@openlane.com	1	wind-turbine	37	12
lupthegrove@cancity.com	1	solar	54	
lupthegrove@cancity.com	2	solar	21	33
lupthegrove@dambase.com	1	wind-turbine	47	33
lvenere@openlane.com	1	solar	105	29
lvenere@openlane.com	2	solar	49	31
lvenere@scotfind.com	1	solar	148	
lventura@groovestreet.com	1	solar	87	17
lventura@sunnamplex.com	1	solar	126	16
lvillanueva@hatfan.com	1	solar	101	27
lvinning@zencorporation.com	1	solar	56	
lvinning@zencorporation.com	2	solar	58	26
lvocelka@hatfan.com	1	solar	123	
lvonasek@zencorporation.com	1	solar	55	
lweirather@singletechno.com	1	solar	16	38
lweirather@streethex.com	1	solar	50	27
lweirather@streethex.com	2	solar	118	17
lwenner@xx-zobam.com	1	solar	89	
lwesterbeck@ontomedia.com	1	wind-turbine	79	
lwolfgramm@newex.com	1	solar	21	25
lworlds@y-corporation.com	1	solar	97	13
lwrinkles@rundofase.com	1	solar	23	26
lyum@zencorporation.com	1	wind-turbine	25	50
lzagen@betatech.com	1	solar	16	
lzane@donquadtech.com	1	solar	62	27
lzurcher@xx-zobam.com	1	solar	166	53
mamigon@ganjaflex.com	1	solar	48	12
mamigon@inity.com	1	solar	70	48
mangalich@dambase.com	1	solar	32	
mbatman@inity.com	1	solar	42	
mberlanga@donware.com	1	wind-turbine	20	30
mberlanga@finjob.com	1	solar	48	26
mberray@ganjaflex.com	1	solar	72	66
mbiddy@xx-holding.com	1	solar	18	28
mblunk@inity.com	1	solar	21	12
mboord@sumace.com	1	wind-turbine	30	34
mborgman@golddex.com	1	solar	38	14
mbrideau@rundofase.com	1	solar	102	89
mbruschke@faxquote.com	1	solar	90	36
mbubash@dontechi.com	1	solar	62	27
mbuemi@mathtouch.com	1	solar	84	20
mbutzen@bioplex.com	1	wind-turbine	29	28
mbutzen@labdrill.com	1	solar	71	36
mbuvens@plexzap.com	1	solar	16	15
mbuvens@statholdings.com	1	solar	19	15
mbuzick@yearin.com	1	solar	99	31
mcaiafa@opentech.com	1	solar	43	
mcallaro@sonron.com	1	solar	68	40
mcaudy@donware.com	1	solar	47	21
mcetta@finhigh.com	1	solar	107	45
mchaffins@blackzim.com	1	wind-turbine	29	31
mchavous@inity.com	1	solar	36	54
mchui@hatfan.com	1	solar	27	20
mclaucherty@warephase.com	1	solar	51	20
mclaucherty@zathunicon.com	1	solar	86	48
mcolla@finhigh.com	1	solar	44	65
mcomnick@cancity.com	1	solar	67	
mcorrington@rantouch.com	1	solar	66	32
mcorrington@rantouch.com	2	solar	76	
mdallen@condax.com	1	solar	128	37
mdarakjy@zotware.com	1	solar	71	11
mdegroot@treequote.com	1	solar	115	
mdeleo@rantouch.com	1	solar	37	16
mdeleo@sumace.com	1	solar	69	20
mdiestel@dalttechnology.com	1	solar	68	11
mdiestel@ontomedia.com	1	wind-turbine	142	21
mdilello@labdrill.com	1	wind-turbine	30	
mehmann@finhigh.com	1	solar	81	
memard@treequote.com	1	solar	29	20
memigh@warephase.com	1	solar	41	24
meschberger@y-corporation.com	1	solar	60	32
mfeichtner@zathunicon.com	1	solar	50	
mfishburne@betasoloin.com	1	solar	111	16
mfrancescon@rantouch.com	1	solar	52	
mfrerking@ron-tech.com	1	solar	110	
mfunnell@green-plus.com	1	solar	80	
mgehrett@finjob.com	1	wind-turbine	23	36
mgehrett@ganjaflex.com	1	solar	21	
mgehrett@ganjaflex.com	2	solar	15	41
mgibes@konmatfix.com	1	wind-turbine	72	
mgillaspie@year-job.com	1	solar	18	
mgreenbush@zumgoity.com	1	solar	177	32
mgwalthney@dontechi.com	1	solar	98	17
mharoldson@finjob.com	1	solar	79	30
mhengel@conecom.com	1	solar	38	25
mhoa@streethex.com	1	solar	62	59
mhoogland@newex.com	1	solar	57	10
mhoogland@newex.com	2	solar	86	42
mhoopengardner@treequote.com	1	solar	82	22
misenhower@j-texon.com	1	wind-turbine	24	
miturbide@ontomedia.com	1	solar	117	69
mjulia@xx-holding.com	1	solar	49	13
mjuvera@year-job.com	1	solar	47	37
mjuvera@year-job.com	2	solar	21	36
mkeener@plussunin.com	1	solar	88	80
mkines@codehow.com	1	solar	68	10
mkippley@sunnamplex.com	1	solar	59	23
mkitty@lexiqvolax.com	1	solar	87	
mklusman@finhigh.com	1	solar	70	
mklusman@finhigh.com	2	solar	29	31
mkohl@streethex.com	1	solar	19	
mkolmetz@groovestreet.com	1	solar	15	
mkolmetz@kinnamplus.com	1	wind-turbine	23	
mkorando@donquadtech.com	1	wind-turbine	39	15
mkulzer@rantouch.com	1	solar	43	41
mkulzer@rantouch.com	2	wind-turbine	61	
mlayous@scotfind.com	1	solar	80	23
mlindall@ganjaflex.com	1	solar	20	15
mliukko@scotfind.com	1	wind-turbine	75	33
mlizama@cancity.com	1	solar	51	
mlother@y-corporation.com	1	solar	55	21
mlukasik@statholdings.com	1	solar	90	29
mmaisto@year-job.com	1	solar	89	24
mmallett@ganjaflex.com	1	solar	92	111
mmallett@golddex.com	1	solar	72	
mmastella@plusstrip.com	1	solar	70	14
mmastella@scotfind.com	1	solar	221	58
mmclaird@groovestreet.com	1	solar	102	23
mmerced@streethex.com	1	solar	77	
mmiro@ontomedia.com	1	solar	71	16
mmonterrubio@nam-zim.com	1	wind-turbine	175	
mmontezuma@plusstrip.com	1	wind-turbine	83	
mmorasca@xx-holding.com	1	solar	70	25
mmotley@betasoloin.com	1	solar	137	
mnabours@plexzap.com	1	solar	87	16
mnachor@fasehatice.com	1	solar	15	
mnachor@xx-holding.com	1	solar	40	33
mnicolozakes@sumace.com	1	solar	124	18
mnicolozakes@toughzap.com	1	solar	80	49
mogg@plussunin.com	1	solar	102	48
moldroyd@j-texon.com	1	solar	15	29
moles@gogozoom.com	1	wind-turbine	124	14
mostrosky@konmatfix.com	1	solar	37	39
mpaa@toughzap.com	1	solar	89	22
mpadilla@hottechi.com	1	solar	151	18
mpadilla@year-job.com	1	wind-turbine	88	
mpagliuca@golddex.com	1	solar	30	
mpagliuca@zencorporation.com	1	solar	85	30
mpaprocki@betatech.com	1	solar	97	86
mpaskin@opentech.com	1	solar	23	69
mpaskin@year-job.com	1	solar	47	14
mpawlowicz@plusstrip.com	1	solar	24	
mperruzza@plusstrip.com	1	solar	81	
mpinilla@statholdings.com	1	solar	64	51
mplumer@donquadtech.com	1	solar	73	20
mpontoriero@rangreen.com	1	solar	68	43
mragel@kinnamplus.com	1	solar	81	
mragel@zumgoity.com	1	solar	15	42
mraymo@inity.com	1	solar	119	14
mraymo@isdom.com	1	solar	136	67
mrodefer@opentech.com	1	solar	17	24
msahagun@zotware.com	1	solar	83	
msamu@plexzap.com	1	solar	74	17
msarao@blackzim.com	1	solar	24	
msarbacher@plusstrip.com	1	solar	110	17
msaulter@stanredtax.com	1	solar	20	
msawchuk@zencorporation.com	1	solar	40	12
mschemmer@silis.com	1	wind-turbine	132	79
mschirpke@streethex.com	1	solar	82	15
mschirpke@streethex.com	2	solar	83	28
mschmierer@iselectrics.com	1	solar	67	
mseewald@betatech.com	1	solar	27	35
msergi@cancity.com	1	solar	100	
msetter@ganjaflex.com	1	solar	129	
msetter@konex.com	1	solar	80	42
mshadrick@donware.com	1	solar	126	66
mshinko@sumace.com	1	solar	153	
msimilton@betatech.com	1	solar	62	
mspickerman@cancity.com	1	solar	17	39
mstaback@dontechi.com	1	solar	47	15
mstimmel@plexzap.com	1	solar	34	10
mstorment@streethex.com	1	solar	53	11
mtagala@condax.com	1	wind-turbine	17	15
mtegarden@mathtouch.com	1	solar	39	31
mtillotson@cancity.com	1	solar	131	41
mtreston@betasoloin.com	1	solar	56	12
mtreston@singletechno.com	1	wind-turbine	82	
mupthegrove@isdom.com	1	solar	119	30
mupthegrove@toughzap.com	1	wind-turbine	42	50
mventura@funholding.com	1	solar	84	
mventura@y-corporation.com	1	solar	34	22
mvizarro@nam-zim.com	1	solar	55	
mvocelka@sunnamplex.com	1	solar	87	
mweight@statholdings.com	1	solar	172	44
mwieser@mathtouch.com	1	solar	84	21
mwieser@mathtouch.com	2	solar	85	27
mwolny@xx-zobam.com	1	solar	93	14
mworlds@dontechi.com	1	solar	78	
myum@xx-holding.com	1	solar	30	27
myum@xx-holding.com	2	solar	91	24
mzepp@codehow.com	1	solar	98	68
mzepp@dambase.com	1	solar	154	25
nacey@silis.com	1	solar	40	
nacey@silis.com	2	solar	80	
nagramonte@zencorporation.com	1	wind-turbine	23	60
nandreason@kinnamplus.com	1	solar	97	10
narias@dalttechnology.com	1	solar	23	19
nasar@scotfind.com	1	solar	81	19
nbeech@donquadtech.com	1	wind-turbine	32	20
nbookamer@openlane.com	1	solar	35	12
nboulter@golddex.com	1	solar	38	43
nboulter@golddex.com	2	solar	19	16
nbrucato@cancity.com	1	solar	94	
nbruschke@plusstrip.com	1	solar	25	13
nbuzick@sonron.com	1	solar	20	23
ncaiafa@betasoloin.com	1	solar	42	42
ncampain@faxquote.com	1	wind-turbine	98	12
ndegroot@dontechi.com	1	solar	18	86
ndeleo@finjob.com	1	solar	46	22
ndenooyer@scotfind.com	1	solar	162	19
nfern@faxquote.com	1	solar	19	27
nfrankel@ganjaflex.com	1	solar	52	15
nfredicks@scottech.com	1	solar	107	150
ngiguere@inity.com	1	wind-turbine	140	
ngleich@opentech.com	1	solar	86	14
ngochal@green-plus.com	1	solar	160	90
nhagele@mathtouch.com	1	solar	35	
nhixenbaugh@betatech.com	1	solar	134	28
nhixenbaugh@betatech.com	2	solar	105	45
nhoneywell@j-texon.com	1	wind-turbine	16	15
nisaacs@finjob.com	1	solar	68	
njuvera@dalttechnology.com	1	solar	162	45
nknipp@bioholding.com	1	solar	97	16
nkulzer@opentech.com	1	wind-turbine	92	24
nmaisto@kinnamplus.com	1	solar	19	42
nmalet@green-plus.com	1	solar	15	
nmatuszak@donquadtech.com	1	wind-turbine	108	24
nmccullan@yearin.com	1	solar	22	
nmconnell@mathtouch.com	1	wind-turbine	165	13
nmcrae@singletechno.com	1	solar	62	
nmerced@openlane.com	1	solar	124	12
nmontezuma@opentech.com	1	solar	41	
nnachor@ontomedia.com	1	solar	165	
nnayar@scotfind.com	1	solar	136	
nnayar@scotfind.com	2	solar	21	14
npagliuca@labdrill.com	1	wind-turbine	17	36
npagliuca@zumgoity.com	1	solar	50	47
npagliuca@zumgoity.com	2	wind-turbine	61	15
npaskin@codehow.com	1	solar	21	
npatak@opentech.com	1	solar	36	35
npatak@opentech.com	2	solar	65	37
npaulas@plexzap.com	1	solar	78	
nraymo@zotware.com	1	wind-turbine	17	17
nrentfro@codehow.com	1	solar	89	31
nrhoden@codehow.com	1	solar	104	13
nriopelle@scottech.com	1	solar	36	45
nrochin@zencorporation.com	1	solar	64	22
nrodenberger@isdom.com	1	wind-turbine	79	26
nspickerman@xx-zobam.com	1	solar	95	99
nstuer@statholdings.com	1	solar	57	
nsuell@betasoloin.com	1	solar	16	17
nsuffield@sunnamplex.com	1	solar	43	
nswayze@zoomit.com	1	solar	60	20
nthreets@xx-holding.com	1	solar	160	20
ntromblay@mathtouch.com	1	solar	41	24
nturinetti@goodsilron.com	1	solar	44	19
nventura@rantouch.com	1	solar	229	90
nvinning@bioplex.com	1	solar	61	17
nweight@stanredtax.com	1	solar	69	
nwenner@xx-holding.com	1	solar	104	50
nwolfgramm@betasoloin.com	1	solar	50	22
nzane@year-job.com	1	solar	93	29
nzepp@stanredtax.com	1	solar	184	81
obrideau@j-texon.com	1	wind-turbine	143	85
ocandlish@donware.com	1	solar	134	33
oemigh@bioholding.com	1	solar	46	17
ofrey@kan-code.com	1	solar	116	11
ojeanty@zotware.com	1	solar	56	29
olapage@donware.com	1	wind-turbine	55	28
omatuszak@dambase.com	1	solar	122	
omaynerich@konex.com	1	solar	103	18
opaa@codehow.com	1	solar	65	31
opadilla@y-corporation.com	1	solar	43	38
oparvis@dontechi.com	1	wind-turbine	101	27
oparvis@dontechi.com	2	solar	144	13
otollner@openlane.com	1	solar	59	16
owalthall@condax.com	1	solar	72	18
oweglarz@green-plus.com	1	solar	73	24
oweirather@plexzap.com	1	solar	111	78
pbaltimore@openlane.com	1	solar	20	
pbarfield@dalttechnology.com	1	solar	48	
pbriddick@nam-zim.com	1	solar	117	29
pbrossart@rundofase.com	1	solar	68	47
pchesterfield@konex.com	1	solar	158	
pdewar@y-corporation.com	1	solar	16	14
pduenas@nam-zim.com	1	solar	46	
peschberger@xx-zobam.com	1	wind-turbine	64	13
pferencz@finhigh.com	1	solar	34	39
pfunnell@donware.com	1	wind-turbine	116	86
pgellinger@plexzap.com	1	solar	83	69
phughey@labdrill.com	1	wind-turbine	33	13
phusser@betatech.com	1	solar	117	26
phusser@donware.com	1	solar	24	29
pkiel@conecom.com	1	solar	53	35
pkippley@conecom.com	1	wind-turbine	79	37
pknipp@golddex.com	1	solar	15	13
pknipp@golddex.com	2	solar	15	
place@donquadtech.com	1	solar	43	22
place@donquadtech.com	2	solar	89	
platzke@statholdings.com	1	solar	54	17
playous@j-texon.com	1	solar	24	
pmcrae@ganjaflex.com	1	solar	23	
pmeisel@domzoom.com	1	solar	71	52
pmiro@warephase.com	1	solar	22	15
pmotley@kan-code.com	1	solar	126	
pnachor@golddex.com	1	solar	178	
pnunlee@iselectrics.com	1	solar	99	
poles@bioplex.com	1	solar	106	21
ponofrio@newex.com	1	solar	32	14
ponofrio@newex.com	2	solar	97	40
postrosky@openlane.com	1	solar	68	56
ppalaspas@toughzap.com	1	solar	43	44
ppoullion@treequote.com	1	wind-turbine	177	54
prhymes@j-texon.com	1	solar	185	41
priden@betatech.com	1	solar	91	22
priopelle@konex.com	1	solar	24	16
psaras@yearin.com	1	solar	111	33
psaylors@nam-zim.com	1	solar	112	97
ptawil@plusstrip.com	1	solar	55	
pventura@opentech.com	1	solar	24	27
pzepp@sumace.com	1	solar	207	84
pzurcher@faxquote.com	1	solar	71	
pzurcher@faxquote.com	2	solar	120	27
qbayless@finjob.com	1	solar	23	
qbuzick@plussunin.com	1	solar	114	18
qcoyier@sonron.com	1	solar	43	
qfoller@konmatfix.com	1	solar	260	17
qgobern@openlane.com	1	solar	86	15
qkohnert@iselectrics.com	1	solar	68	
qmclaird@zumgoity.com	1	solar	93	28
qoles@fasehatice.com	1	solar	18	27
qpaskin@bioplex.com	1	solar	122	33
qsawchuk@rangreen.com	1	solar	73	
qshinko@streethex.com	1	solar	83	16
racuff@rantouch.com	1	solar	159	115
rankeny@doncon.com	1	solar	71	
rauber@konex.com	1	solar	32	17
rbaltimore@treequote.com	1	wind-turbine	45	19
rbatman@rangreen.com	1	solar	84	34
rbennick@warephase.com	1	solar	78	
rberray@sonron.com	1	solar	127	34
rblackwood@codehow.com	1	solar	98	21
rblackwood@domzoom.com	1	solar	125	
rbookamer@labdrill.com	1	solar	73	41
rbreland@xx-zobam.com	1	solar	73	32
rbrucato@streethex.com	1	solar	16	19
rbubash@stanredtax.com	1	solar	72	34
rcallaro@donware.com	1	solar	84	44
rcantres@sumace.com	1	solar	73	23
rcantres@sumace.com	2	solar	82	40
rcentini@cancity.com	1	solar	45	
rchickering@rantouch.com	1	wind-turbine	97	32
rchui@xx-holding.com	1	wind-turbine	105	132
rcloney@rangreen.com	1	solar	19	24
rcloney@sunnamplex.com	1	wind-turbine	85	18
rcolla@bioholding.com	1	solar	175	72
rcoody@year-job.com	1	solar	67	
rcoody@year-job.com	2	solar	107	34
rcorbley@zoomit.com	1	solar	32	36
rcronauer@ontomedia.com	1	solar	22	19
rdallen@doncon.com	1	solar	50	83
rdallen@silis.com	1	solar	42	13
rdegroot@streethex.com	1	solar	62	32
rdegroot@streethex.com	2	solar	113	18
rdevreese@codehow.com	1	solar	74	56
rdewar@stanredtax.com	1	solar	84	
rdilello@domzoom.com	1	solar	93	29
rdorshorst@nam-zim.com	1	solar	81	
rdubaldi@groovestreet.com	1	wind-turbine	127	
remigh@dambase.com	1	solar	92	
rfallick@rangreen.com	1	solar	100	52
rfelger@ganjaflex.com	1	solar	40	69
rfillingim@dontechi.com	1	solar	90	
rfritz@fasehatice.com	1	solar	99	87
rgato@cancity.com	1	solar	48	30
rgobern@bioholding.com	1	wind-turbine	133	13
rgudroe@goodsilron.com	1	solar	125	25
rharabedian@newex.com	1	solar	95	19
rharabedian@newex.com	2	solar	21	35
rhixenbaugh@konmatfix.com	1	wind-turbine	71	
rhoa@kan-code.com	1	wind-turbine	72	
rhochard@ron-tech.com	1	solar	121	97
rhoffis@cancity.com	1	solar	79	45
rhusser@streethex.com	1	wind-turbine	76	118
risenhower@hottechi.com	1	solar	86	10
riturbide@newex.com	1	solar	206	88
rjeanty@sonron.com	1	solar	52	30
rjillson@groovestreet.com	1	solar	22	66
rkampa@year-job.com	1	solar	121	33
rkeneipp@zoomit.com	1	solar	67	48
rkippley@stanredtax.com	1	solar	18	32
rkippley@sumace.com	1	solar	43	45
rklang@doncon.com	1	solar	22	26
rklimek@gogozoom.com	1	wind-turbine	61	34
rklusman@rangreen.com	1	solar	90	17
rkohnert@ron-tech.com	1	solar	84	15
rkoppinger@inity.com	1	solar	158	51
rkulzer@plexzap.com	1	solar	124	
rlawler@groovestreet.com	1	solar	24	16
rleinenbach@ontomedia.com	1	solar	68	
rlizama@year-job.com	1	solar	91	
rmadarang@betatech.com	1	solar	18	29
rmadarang@y-corporation.com	1	solar	24	111
rmaile@singletechno.com	1	solar	39	
rmalet@zoomit.com	1	solar	36	
rmarrier@treequote.com	1	solar	126	53
rmartabano@blackzim.com	1	solar	106	
rmclaird@kan-code.com	1	solar	24	
rmeinerding@y-corporation.com	1	solar	68	13
rmiro@plusstrip.com	1	solar	16	18
rmiro@plusstrip.com	2	solar	49	
rmonarrez@fasehatice.com	1	solar	82	25
rmotley@ontomedia.com	1	solar	66	18
rmugnolo@blackzim.com	1	solar	67	10
rnabours@rantouch.com	1	solar	208	86
rnestle@isdom.com	1	solar	106	29
rnicka@singletechno.com	1	solar	64	24
rohms@stanredtax.com	1	solar	119	
roles@funholding.com	1	solar	53	22
rostolaza@inity.com	1	wind-turbine	78	38
rpalaia@hottechi.com	1	solar	72	46
rpawlowicz@j-texon.com	1	solar	21	16
rpedrozo@statholdings.com	1	solar	102	13
rplumer@plexzap.com	1	wind-turbine	69	39
rpolidori@donware.com	1	solar	179	26
rpontoriero@codehow.com	1	solar	69	13
rreiber@betatech.com	1	solar	131	62
rrodefer@labdrill.com	1	solar	94	26
rrodefer@treequote.com	1	solar	20	27
rrowling@statholdings.com	1	solar	25	25
rrulapaugh@nam-zim.com	1	solar	138	19
rryser@hatfan.com	1	solar	19	16
rsahagun@doncon.com	1	solar	85	31
rschieler@hottechi.com	1	wind-turbine	51	12
rschieler@hottechi.com	2	solar	154	
rschmaltz@scottech.com	1	wind-turbine	15	13
rseewald@hottechi.com	1	solar	64	35
rshadrick@xx-holding.com	1	solar	19	
rshadrick@xx-holding.com	2	solar	115	35
rskursky@donware.com	1	solar	162	
rskursky@donware.com	2	wind-turbine	74	26
rskursky@donware.com	3	solar	95	34
rstaback@donware.com	1	solar	19	12
rstrassner@konex.com	1	solar	65	39
rstuer@bioplex.com	1	solar	218	
rsuell@green-plus.com	1	solar	112	18
rtillotson@openlane.com	1	solar	65	29
rtoelkes@donware.com	1	solar	21	
rtoelkes@donware.com	2	solar	81	33
rtoelkes@konmatfix.com	1	solar	101	18
rtollner@ron-tech.com	1	solar	33	40
rwardrip@lexiqvolax.com	1	solar	47	87
rweglarz@silis.com	1	solar	126	
rwenzinger@scotfind.com	1	wind-turbine	52	
rwolny@betasoloin.com	1	wind-turbine	119	
ryaw@zumgoity.com	1	solar	50	
rzepp@openlane.com	1	solar	207	101
sacuff@zoomit.com	1	solar	23	15
sacuff@zoomit.com	2	solar	79	26
sadkin@green-plus.com	1	solar	56	
saquas@finjob.com	1	solar	82	22
saquas@groovestreet.com	1	solar	35	74
sasar@betatech.com	1	solar	50	39
sasar@betatech.com	2	solar	168	
sasar@domzoom.com	1	solar	38	23
sasar@domzoom.com	2	solar	20	52
sauber@finhigh.com	1	wind-turbine	24	33
sauffrey@isdom.com	1	solar	62	
sbarfield@sunnamplex.com	1	solar	85	13
sbeech@faxquote.com	1	wind-turbine	68	41
sbeech@ron-tech.com	1	solar	26	33
sbennick@green-plus.com	1	solar	71	
sbiddy@openlane.com	1	solar	42	
sbiddy@silis.com	1	solar	33	70
sbirkner@ontomedia.com	1	solar	23	
sbirkner@stanredtax.com	1	wind-turbine	50	
sbolognia@kinnamplus.com	1	solar	20	65
sbookamer@y-corporation.com	1	solar	51	
sboulter@openlane.com	1	solar	157	
sboulter@openlane.com	2	solar	93	
sbriddick@condax.com	1	solar	17	
sbrossart@kinnamplus.com	1	wind-turbine	20	29
sbruschke@singletechno.com	1	solar	54	
sbuzick@toughzap.com	1	solar	63	37
scartan@zathunicon.com	1	solar	55	17
scastros@ron-tech.com	1	solar	95	
schaffins@xx-holding.com	1	solar	74	
schaffins@xx-holding.com	2	solar	19	
schesterfield@blackzim.com	1	solar	61	
schui@zotware.com	1	solar	92	
scoody@gogozoom.com	1	solar	60	
scryer@donware.com	1	wind-turbine	22	47
sdeleo@hatfan.com	1	solar	53	10
sdeleo@plexzap.com	1	wind-turbine	34	17
sdewar@kan-code.com	1	wind-turbine	128	12
sdiestel@condax.com	1	solar	31	
sdiestel@openlane.com	1	solar	85	32
sdinos@toughzap.com	1	solar	114	
sdinos@toughzap.com	2	solar	103	
sehmann@inity.com	1	solar	111	28
sengelberg@hatfan.com	1	solar	17	59
sennaco@golddex.com	1	wind-turbine	65	40
seschberger@scotfind.com	1	solar	86	
seschberger@scotfind.com	2	wind-turbine	52	
sfallick@bioholding.com	1	wind-turbine	75	18
sfern@bioplex.com	1	wind-turbine	73	16
sfern@bioplex.com	2	solar	15	26
sfigeroa@donquadtech.com	1	wind-turbine	73	23
sfigeroa@xx-zobam.com	1	solar	118	49
sfredicks@ontomedia.com	1	solar	17	
sfunnell@ganjaflex.com	1	solar	21	32
sgabisi@rundofase.com	1	solar	53	32
sgiguere@bioplex.com	1	solar	176	82
sgillian@goodsilron.com	1	wind-turbine	54	42
sgotter@rangreen.com	1	solar	22	
shanafan@donware.com	1	solar	55	25
shauenstein@plussunin.com	1	solar	45	
shaufler@finjob.com	1	solar	18	31
sheintzman@stanredtax.com	1	solar	76	
sisaacs@plexzap.com	1	solar	33	29
sisenhower@newex.com	1	solar	29	
sjillson@codehow.com	1	wind-turbine	20	16
sjurney@condax.com	1	solar	56	50
skalafatis@finjob.com	1	solar	51	33
skalafatis@statholdings.com	1	solar	54	39
skampa@streethex.com	1	solar	63	28
skampa@streethex.com	2	solar	67	33
skarpin@labdrill.com	1	solar	73	
skeener@plexzap.com	1	solar	72	69
skeetch@zencorporation.com	1	solar	76	95
skeneipp@labdrill.com	1	solar	60	53
skiel@plusstrip.com	1	solar	148	13
skiel@scotfind.com	1	solar	30	33
skitzman@dambase.com	1	solar	77	29
skitzman@faxquote.com	1	solar	20	103
sklang@statholdings.com	1	solar	30	77
sklusman@cancity.com	1	solar	189	22
skohnert@betatech.com	1	solar	21	
skolmetz@labdrill.com	1	solar	76	29
skonopacki@domzoom.com	1	solar	134	40
skoppinger@hatfan.com	1	solar	34	40
slacovara@goodsilron.com	1	solar	60	94
slapage@domzoom.com	1	wind-turbine	89	23
slapage@domzoom.com	2	solar	69	26
slapage@kan-code.com	1	solar	52	30
slipkin@sunnamplex.com	1	solar	37	13
sliukko@mathtouch.com	1	solar	50	31
sloader@goodsilron.com	1	solar	16	
slukasik@codehow.com	1	solar	48	24
smalet@domzoom.com	1	solar	224	57
smalet@konex.com	1	solar	140	
smanno@konex.com	1	solar	34	
smaynerich@rundofase.com	1	solar	45	12
smaynerich@y-corporation.com	1	solar	48	24
smaynerich@y-corporation.com	2	solar	15	13
smcnease@stanredtax.com	1	solar	39	42
smconnell@year-job.com	1	solar	75	26
smerced@codehow.com	1	solar	19	
smerced@hatfan.com	1	solar	15	21
smirafuentes@faxquote.com	1	solar	175	83
smiro@betatech.com	1	solar	125	80
smiro@konex.com	1	solar	118	117
smorocco@rangreen.com	1	solar	42	12
smotley@groovestreet.com	1	wind-turbine	40	15
snestle@plusstrip.com	1	solar	79	20
snewville@hatfan.com	1	solar	123	29
snievas@yearin.com	1	wind-turbine	53	77
spaa@zencorporation.com	1	solar	48	30
spalaia@konex.com	1	wind-turbine	19	25
spalaspas@sumace.com	1	solar	171	25
spaprocki@ron-tech.com	1	solar	209	
sparvis@rantouch.com	1	solar	214	118
spaskin@newex.com	1	solar	59	
spaulas@dontechi.com	1	solar	110	42
sperez@konex.com	1	solar	21	
sperin@ganjaflex.com	1	solar	19	
sperin@rantouch.com	1	solar	91	102
spinilla@finhigh.com	1	wind-turbine	46	15
spoullion@scottech.com	1	solar	108	35
sragel@year-job.com	1	solar	23	
sreiber@codehow.com	1	solar	68	24
srhymes@iselectrics.com	1	solar	72	
sriopelle@plexzap.com	1	wind-turbine	99	15
ssahagun@dontechi.com	1	solar	35	15
ssahagun@labdrill.com	1	solar	93	38
ssahagun@labdrill.com	2	solar	71	30
ssama@groovestreet.com	1	solar	67	29
ssama@groovestreet.com	2	solar	116	
ssama@konmatfix.com	1	solar	58	
ssamu@domzoom.com	1	solar	47	13
ssarbacher@kinnamplus.com	1	wind-turbine	160	43
ssayaphon@donware.com	1	wind-turbine	82	
sschemmer@ontomedia.com	1	solar	46	28
sschieler@dambase.com	1	wind-turbine	29	24
sschieler@gogozoom.com	1	solar	101	
sscipione@j-texon.com	1	solar	160	31
sshadrick@dontechi.com	1	solar	22	32
sshadrick@dontechi.com	2	solar	49	
sshealy@green-plus.com	1	solar	134	24
sshields@dontechi.com	1	solar	164	12
sslayton@singletechno.com	1	solar	17	27
sslayton@singletechno.com	2	solar	102	14
sslayton@singletechno.com	3	wind-turbine	50	16
sslusarski@inity.com	1	wind-turbine	35	
sslusarski@inity.com	2	solar	33	
ssmith@green-plus.com	1	solar	78	
ssteier@fasehatice.com	1	solar	83	
ssteier@gogozoom.com	1	solar	124	21
ssteier@warephase.com	1	solar	39	19
sstimmel@labdrill.com	1	solar	54	24
sstoltzman@sunnamplex.com	1	solar	22	67
sstorment@iselectrics.com	1	solar	23	30
ssturiale@yearin.com	1	solar	151	57
ssuffield@sunnamplex.com	1	solar	128	83
ssweely@scottech.com	1	solar	95	30
ssyrop@kinnamplus.com	1	solar	15	
stheodorov@sumace.com	1	solar	125	
sthreets@nam-zim.com	1	wind-turbine	17	16
sthyberg@plussunin.com	1	solar	66	16
sthyberg@plussunin.com	2	wind-turbine	57	
streston@hottechi.com	1	solar	166	44
sturinetti@isdom.com	1	solar	22	17
supthegrove@dontechi.com	1	solar	63	
suyetake@xx-zobam.com	1	solar	119	
svanausdal@rangreen.com	1	solar	15	
svocelka@plusstrip.com	1	solar	169	103
swaymire@bioholding.com	1	solar	27	33
sweglarz@singletechno.com	1	solar	18	61
swesterbeck@streethex.com	1	wind-turbine	23	52
swhobrey@yearin.com	1	solar	23	15
swide@plexzap.com	1	solar	68	
swide@plexzap.com	2	solar	58	26
sworlds@singletechno.com	1	solar	16	33
szurcher@finhigh.com	1	wind-turbine	21	82
tabdallah@dontechi.com	1	wind-turbine	35	
tahle@iselectrics.com	1	wind-turbine	88	
tahle@ontomedia.com	1	solar	117	22
talbares@golddex.com	1	solar	20	
talbares@golddex.com	2	solar	95	
tasar@golddex.com	1	solar	46	
tauffrey@nam-zim.com	1	solar	159	97
tbayless@year-job.com	1	solar	45	
tbayless@year-job.com	2	solar	115	15
tbevelacqua@betatech.com	1	solar	113	42
tblunk@zencorporation.com	1	solar	33	
tbolognia@singletechno.com	1	solar	18	36
tbolognia@singletechno.com	2	solar	92	
tbookamer@labdrill.com	1	solar	42	24
tbookamer@plexzap.com	1	solar	73	
tborgman@finhigh.com	1	solar	81	
tborgman@finhigh.com	2	solar	30	11
tbrideau@newex.com	1	solar	52	
tbrideau@newex.com	2	solar	67	
tbuemi@green-plus.com	1	solar	82	44
tbuvens@dalttechnology.com	1	solar	44	25
tbuvens@dalttechnology.com	2	solar	45	48
tbuvens@sumace.com	1	solar	16	42
tcaudy@openlane.com	1	wind-turbine	93	22
tchavous@iselectrics.com	1	solar	145	
tcomnick@toughzap.com	1	solar	90	11
tcorbley@y-corporation.com	1	solar	51	
tcorrington@bioplex.com	1	solar	93	
tcrupi@yearin.com	1	solar	110	58
tdaufeldt@rundofase.com	1	solar	48	17
tdaufeldt@rundofase.com	2	solar	55	21
tdhamer@y-corporation.com	1	solar	85	
tdhamer@y-corporation.com	2	solar	26	
tdickerson@zencorporation.com	1	solar	17	
tdiscipio@domzoom.com	1	solar	98	
tdubaldi@donquadtech.com	1	solar	65	18
temigh@lexiqvolax.com	1	wind-turbine	57	22
tengelberg@xx-holding.com	1	wind-turbine	109	52
teschberger@lexiqvolax.com	1	solar	113	
tfelger@bioplex.com	1	solar	99	80
tfern@funholding.com	1	solar	77	18
tfern@kan-code.com	1	solar	121	28
tferrario@opentech.com	1	solar	24	91
tflister@conecom.com	1	solar	79	25
tgrenet@warephase.com	1	solar	40	
thalsey@inity.com	1	solar	44	11
thalter@betasoloin.com	1	solar	92	30
thalter@betasoloin.com	2	solar	20	30
thughey@bioplex.com	1	solar	98	
tjurney@condax.com	1	solar	32	19
tjuvera@bioplex.com	1	solar	114	
tkardas@hottechi.com	1	solar	23	29
tkeener@sumace.com	1	solar	70	40
tkeneipp@sumace.com	1	solar	133	57
tklang@green-plus.com	1	solar	37	25
tkoppinger@kan-code.com	1	solar	92	20
tlabreche@sunnamplex.com	1	solar	41	13
tlace@donware.com	1	solar	26	31
tlayous@cancity.com	1	solar	132	15
tlietz@lexiqvolax.com	1	solar	43	12
tlindall@ganjaflex.com	1	solar	60	33
tlouissant@fasehatice.com	1	solar	118	
tlungren@cancity.com	1	solar	332	90
tmai@j-texon.com	1	wind-turbine	60	
tmalvin@yearin.com	1	solar	23	
tmalvin@yearin.com	2	wind-turbine	46	13
tmauson@bioholding.com	1	solar	72	22
tmaybury@golddex.com	1	solar	139	15
tmconnell@lexiqvolax.com	1	solar	25	54
tmcrae@rangreen.com	1	solar	135	10
tmodzelewski@betasoloin.com	1	solar	56	32
tmorocco@xx-holding.com	1	solar	110	37
tmoyd@conecom.com	1	wind-turbine	72	
tmoyd@silis.com	1	wind-turbine	97	
tnewville@j-texon.com	1	solar	113	96
tohms@treequote.com	1	solar	131	49
toles@y-corporation.com	1	solar	115	26
tostrosky@fasehatice.com	1	solar	70	13
tostrosky@singletechno.com	1	wind-turbine	89	
tpalaspas@plexzap.com	1	solar	15	
tpalaspas@statholdings.com	1	solar	51	25
tpapasergi@plusstrip.com	1	solar	89	165
tpaprocki@konmatfix.com	1	solar	86	31
tpaulas@rantouch.com	1	solar	111	23
tperin@cancity.com	1	solar	32	
tpinilla@dambase.com	1	solar	84	
tpoquette@scottech.com	1	solar	50	
trentfro@streethex.com	1	solar	114	19
trodefer@ontomedia.com	1	wind-turbine	45	
trodeigues@cancity.com	1	solar	83	49
trodenberger@openlane.com	1	solar	100	
troyster@funholding.com	1	wind-turbine	25	13
tsaras@betasoloin.com	1	solar	114	26
tsaulter@conecom.com	1	solar	36	
tschirpke@sonron.com	1	solar	103	26
tschmierer@warephase.com	1	solar	23	
tsengbusch@fasehatice.com	1	solar	16	
tsilvestrini@sonron.com	1	solar	58	
tsimilton@fasehatice.com	1	solar	59	
tslusarski@plusstrip.com	1	solar	77	19
tsteffensmeier@silis.com	1	solar	98	
tsteffensmeier@silis.com	2	solar	20	
tsteffensmeier@sumace.com	1	solar	68	19
tsteffensmeier@sumace.com	2	solar	71	34
tstem@sunnamplex.com	1	solar	137	
tstimmel@newex.com	1	solar	21	108
tsweely@betasoloin.com	1	solar	50	33
tsweigard@codehow.com	1	solar	35	53
tsweigard@scottech.com	1	solar	39	77
tsweigard@zumgoity.com	1	solar	90	10
ttagala@iselectrics.com	1	solar	88	
ttegarden@doncon.com	1	solar	127	35
tthyberg@scottech.com	1	solar	33	28
tthyberg@scottech.com	2	solar	17	
ttimenez@mathtouch.com	1	solar	80	14
ttreston@bioplex.com	1	solar	97	125
tuyetake@toughzap.com	1	solar	22	89
tventura@rundofase.com	1	solar	84	26
tvocelka@ganjaflex.com	1	wind-turbine	34	36
twiklund@opentech.com	1	solar	48	32
twildfong@sonron.com	1	solar	18	53
twitten@doncon.com	1	solar	27	14
tyglesias@donware.com	1	solar	100	
tyglesias@zumgoity.com	1	solar	22	14
tzagen@nam-zim.com	1	solar	62	
vamyot@groovestreet.com	1	solar	42	19
vamyot@iselectrics.com	1	solar	173	69
varias@groovestreet.com	1	solar	77	20
vbaltimore@xx-holding.com	1	solar	37	
vbaltimore@xx-holding.com	2	solar	65	18
vbayless@iselectrics.com	1	solar	16	42
vbenimadho@konex.com	1	wind-turbine	57	26
vbenimadho@konex.com	2	solar	110	
vblunk@zumgoity.com	1	solar	98	
vbubash@sunnamplex.com	1	solar	89	
vbutzen@funholding.com	1	solar	44	50
vcaldarera@scotfind.com	1	solar	69	62
vcampain@inity.com	1	wind-turbine	18	56
vcartan@opentech.com	1	solar	66	
vchickering@goodsilron.com	1	solar	105	
vcoody@dontechi.com	1	solar	21	
vcoody@warephase.com	1	solar	52	23
vcookey@openlane.com	1	solar	24	20
vdhamer@stanredtax.com	1	solar	79	97
vehmann@ganjaflex.com	1	solar	47	19
vferrario@plusstrip.com	1	wind-turbine	130	21
vferrario@plusstrip.com	2	solar	65	34
vfoller@domzoom.com	1	solar	117	42
vfrerking@blackzim.com	1	solar	40	28
vfritz@zathunicon.com	1	solar	26	
vfritz@zathunicon.com	2	solar	17	14
vgato@golddex.com	1	solar	120	98
vgoldammer@openlane.com	1	solar	16	26
vharabedian@streethex.com	1	solar	35	45
vharoldson@stanredtax.com	1	solar	48	13
vhusser@groovestreet.com	1	wind-turbine	27	15
visaacs@rundofase.com	1	solar	32	
visaacs@rundofase.com	2	solar	68	
viturbide@groovestreet.com	1	solar	17	
vjuvera@konex.com	1	solar	17	13
vleinenbach@funholding.com	1	solar	33	60
vlindall@ganjaflex.com	1	solar	18	20
vlother@domzoom.com	1	solar	45	16
vlouissant@statholdings.com	1	wind-turbine	91	34
vmaclead@scottech.com	1	solar	24	28
vmadarang@lexiqvolax.com	1	wind-turbine	132	37
vmccullan@zencorporation.com	1	solar	42	34
vmeinerding@zumgoity.com	1	solar	134	38
vmondella@dambase.com	1	solar	21	15
vmoyd@plusstrip.com	1	solar	78	
vonofrio@streethex.com	1	solar	110	36
vpedrozo@j-texon.com	1	solar	87	98
vperigo@plexzap.com	1	wind-turbine	70	
vplumer@singletechno.com	1	solar	185	
vpontoriero@domzoom.com	1	solar	35	43
vraymo@sumace.com	1	solar	23	31
vrochin@isdom.com	1	solar	53	22
vrochin@isdom.com	2	solar	75	36
vrodeigues@konmatfix.com	1	solar	52	48
vrulapaugh@nam-zim.com	1	solar	84	10
vsama@bioholding.com	1	solar	129	71
vsama@warephase.com	1	solar	87	
vsamara@statholdings.com	1	solar	128	17
vsarao@newex.com	1	wind-turbine	132	19
vsarao@newex.com	2	solar	21	45
vsarao@newex.com	3	solar	93	39
vsarao@newex.com	4	solar	30	22
vsawchuk@sonron.com	1	solar	90	126
vschemmer@singletechno.com	1	solar	38	28
vschoeneck@golddex.com	1	solar	19	
vscipione@faxquote.com	1	solar	20	68
vshadrick@condax.com	1	solar	142	39
vsilvestrini@y-corporation.com	1	solar	58	47
vstaback@zoomit.com	1	wind-turbine	44	28
vstem@plussunin.com	1	wind-turbine	147	
vstorment@xx-holding.com	1	solar	30	41
vstrassner@doncon.com	1	solar	41	21
vstuer@statholdings.com	1	solar	86	
vsuffield@isdom.com	1	solar	211	17
vsyrop@sumace.com	1	solar	89	
vtheodorov@fasehatice.com	1	solar	76	31
vthyberg@kan-code.com	1	solar	42	47
vthyberg@y-corporation.com	1	solar	131	71
vtolfree@rangreen.com	1	wind-turbine	59	
vtromblay@dambase.com	1	solar	101	
vwhobrey@donquadtech.com	1	solar	21	13
vwide@opentech.com	1	solar	136	16
vyaw@streethex.com	1	solar	63	36
vzagen@year-job.com	1	solar	89	26
vzurcher@streethex.com	1	solar	79	
warceo@hatfan.com	1	solar	64	36
wberlanga@donquadtech.com	1	solar	16	
wbourbon@faxquote.com	1	wind-turbine	251	72
wbrossart@labdrill.com	1	solar	30	20
wcolaizzo@opentech.com	1	wind-turbine	92	66
wdickerson@nam-zim.com	1	solar	55	10
wdiscipio@donware.com	1	solar	19	85
wgillian@dambase.com	1	wind-turbine	18	32
wgillian@dambase.com	2	solar	26	
whochard@plussunin.com	1	solar	20	
whochard@silis.com	1	solar	24	
wkusko@zoomit.com	1	solar	35	16
wleinenbach@zotware.com	1	solar	22	
wlother@donquadtech.com	1	solar	62	47
wlouissant@sonron.com	1	solar	97	11
wmartabano@green-plus.com	1	solar	43	99
wmiro@bioplex.com	1	wind-turbine	29	52
wmugnolo@j-texon.com	1	solar	114	
wohms@betasoloin.com	1	wind-turbine	19	14
wpinilla@rangreen.com	1	wind-turbine	41	19
wpinilla@rangreen.com	2	wind-turbine	31	13
wplumer@finhigh.com	1	wind-turbine	18	12
wreiber@condax.com	1	solar	57	48
wrodenberger@lexiqvolax.com	1	solar	53	98
wryser@mathtouch.com	1	solar	79	63
wsaulter@betatech.com	1	solar	24	
wsilvestrini@mathtouch.com	1	wind-turbine	77	14
wspickerman@labdrill.com	1	solar	100	29
wsturiale@lexiqvolax.com	1	solar	42	39
wupthegrove@nam-zim.com	1	solar	61	66
wvenere@konmatfix.com	1	solar	83	
wventura@plussunin.com	1	solar	107	
wweglarz@scottech.com	1	solar	15	
wweight@silis.com	1	solar	64	15
xdilello@zoomit.com	1	solar	131	
xduenas@dontechi.com	1	wind-turbine	61	14
xfigeroa@inity.com	1	solar	55	32
xkines@cancity.com	1	solar	86	
xkownacki@domzoom.com	1	solar	16	26
xmerced@green-plus.com	1	solar	29	
xnicka@gogozoom.com	1	wind-turbine	35	35
xnievas@hatfan.com	1	solar	68	
xvarriano@plussunin.com	1	solar	39	11
xwesterbeck@golddex.com	1	solar	100	
xyori@xx-holding.com	1	solar	243	84
ybrachle@nam-zim.com	1	solar	57	21
yclaucherty@green-plus.com	1	solar	220	
ycousey@streethex.com	1	solar	64	13
ydewar@toughzap.com	1	solar	59	
yeschberger@silis.com	1	solar	131	33
yeschberger@silis.com	2	wind-turbine	64	30
yfoller@condax.com	1	solar	43	11
yfritz@opentech.com	1	wind-turbine	45	21
ygiguere@gogozoom.com	1	solar	80	16
yhaufler@toughzap.com	1	wind-turbine	96	42
yinouye@faxquote.com	1	wind-turbine	62	
ylindall@zoomit.com	1	solar	177	
ymalvin@xx-holding.com	1	solar	119	24
ymorocco@iselectrics.com	1	solar	138	15
ysweely@fasehatice.com	1	wind-turbine	41	
ytoelkes@dontechi.com	1	wind-turbine	79	
ytoelkes@dontechi.com	2	wind-turbine	18	39
ytreston@dalttechnology.com	1	solar	108	17
yvonasek@rundofase.com	1	solar	37	45
yzepp@sonron.com	1	solar	119	
zmarrier@blackzim.com	1	solar	19	35
zmatuszak@treequote.com	1	wind-turbine	62	
zschemmer@newex.com	1	solar	52	39
